crop,area,rainfall,fertilizer,temperature,humidity,yield
coffee,5.4,147.4,509.1,32.5,51.4,15.22
wheat,2.1,314.7,492.0,26.6,92.9,11.27
tomato,18.2,81.3,446.1,30.8,36.2,801.12
sugarcane,12.3,76.6,422.3,16.5,68.7,1139.23
tomato,2.2,240.2,553.0,19.8,73.2,86.49
tomato,1.6,57.2,297.5,22.7,58.5,52.46
sugarcane,11.2,77.4,466.2,28.4,42.1,890.78
mango,3.0,342.7,527.6,35.5,87.6,45.41
rice,19.8,173.8,254.6,32.9,52.2,141.03
tomato,7.5,192.6,249.9,29.7,88.6,275.67
rice,17.2,261.1,310.8,17.3,62.0,113.1
tomato,3.0,177.6,186.0,32.2,47.0,128.83
potato,13.4,321.0,104.2,20.3,76.1,427.58
maize,18.0,236.8,585.4,25.7,85.1,125.1
wheat,17.2,206.4,85.0,34.1,68.9,70.73
wheat,1.2,140.9,194.7,23.3,35.7,6.28
cotton,8.7,157.3,376.6,28.2,40.5,24.47
rice,7.2,296.4,110.8,34.5,38.3,41.78
mango,1.6,161.7,446.4,27.8,57.5,23.22
coffee,1.1,180.1,363.2,35.2,90.3,3.15
cotton,8.5,178.2,231.7,28.0,85.3,20.76
mango,17.5,217.5,228.6,21.7,32.2,254.53
coffee,5.3,139.4,358.2,24.2,73.9,12.28
potato,4.8,284.1,160.6,16.8,60.8,121.9
coffee,18.1,87.8,266.1,34.6,88.9,41.41
rice,18.0,192.2,417.2,19.0,42.5,107.8
potato,10.3,104.8,365.7,29.7,66.2,336.67
sugarcane,0.8,322.9,198.3,33.9,95.0,65.7
cotton,13.7,202.7,523.8,34.9,30.6,44.53
rice,13.1,102.3,430.0,23.9,90.9,73.74
cotton,3.7,85.0,350.7,35.8,52.4,10.17
sugarcane,12.6,284.4,436.8,34.2,33.7,1353.56
maize,15.3,182.7,439.1,24.0,44.9,123.23
sugarcane,3.1,336.0,90.0,19.6,52.6,271.4
potato,12.1,194.7,392.4,15.2,42.7,408.83
maize,10.7,342.8,119.1,15.4,80.1,74.97
mango,10.6,218.8,569.7,19.5,71.7,174.13
tomato,12.3,99.2,454.8,21.9,60.1,506.17
potato,18.7,279.9,411.9,33.9,72.1,746.58
wheat,10.0,127.0,206.7,22.1,82.2,46.38
rice,5.0,319.9,261.1,27.5,88.9,33.78
coffee,17.5,179.6,494.6,21.1,30.3,51.0
wheat,11.8,210.1,384.3,32.6,82.8,68.61
maize,7.0,70.1,586.4,33.8,85.4,53.07
banana,4.4,202.5,136.6,30.4,79.0,168.7
sugarcane,16.0,332.3,392.8,32.1,82.3,1759.26
maize,2.7,171.1,455.8,31.2,57.5,19.86
sugarcane,19.3,333.4,234.2,28.1,89.1,1507.79
rice,15.9,286.9,100.2,26.4,33.7,96.02
mango,12.0,110.2,208.0,18.7,46.2,123.9
banana,18.7,292.9,510.5,17.1,78.0,1053.9
wheat,11.1,51.7,228.5,23.4,55.8,49.78
banana,18.6,298.5,227.6,20.5,47.1,850.96
wheat,15.7,61.9,314.3,17.4,45.7,80.6
sugarcane,14.2,115.2,251.7,24.0,93.5,1357.19
mango,8.2,253.1,311.8,37.9,77.4,128.78
tomato,7.8,165.1,510.1,30.0,69.9,320.6
mango,15.4,178.2,394.7,31.7,74.2,221.49
potato,13.9,88.1,246.2,28.6,84.3,329.3
wheat,12.9,87.9,421.9,22.5,74.6,54.99
banana,18.4,64.7,365.4,34.6,45.7,867.62
cotton,13.6,304.1,228.4,30.6,68.6,38.45
mango,16.5,111.3,152.4,17.9,39.0,188.63
potato,2.0,125.1,418.1,35.4,59.9,65.9
coffee,2.4,343.8,212.8,35.0,30.3,5.4
coffee,7.9,235.4,445.1,24.0,88.8,24.13
sugarcane,3.9,244.4,185.0,31.5,80.5,366.18
banana,8.7,205.1,253.5,32.0,81.0,434.98
rice,5.3,98.2,152.6,21.6,41.3,32.15
banana,12.5,298.4,136.6,28.7,68.6,488.01
banana,17.7,198.7,222.3,32.3,44.3,778.29
wheat,2.6,151.7,491.4,28.2,63.3,12.78
tomato,3.5,181.1,268.3,32.1,67.7,137.88
potato,2.1,108.0,572.9,24.4,60.3,56.95
cotton,5.7,109.6,185.8,22.0,66.1,14.08
wheat,15.9,205.2,292.1,18.4,51.3,80.93
mango,6.6,241.3,55.1,15.8,85.4,78.22
cotton,4.5,175.6,170.8,15.0,89.5,12.52
wheat,6.2,323.2,464.7,33.5,31.2,38.83
coffee,17.3,73.0,108.5,26.4,69.6,30.8
rice,12.8,184.5,211.3,22.6,73.7,85.8
sugarcane,11.8,279.9,273.5,35.2,72.2,1236.44
banana,2.0,333.0,250.8,36.0,80.7,99.09
banana,14.1,279.7,292.7,31.5,55.1,609.39
mango,15.8,205.8,521.9,24.0,87.8,218.53
banana,0.9,269.7,563.2,30.1,58.5,38.86
mango,14.5,153.3,482.7,22.8,83.3,181.36
maize,6.0,155.9,541.8,36.8,88.0,43.73
wheat,18.5,196.1,383.4,32.6,41.4,100.61
mango,7.6,330.8,80.2,30.5,87.9,97.87
banana,12.8,342.8,220.8,25.6,73.8,589.91
mango,20.0,198.1,148.1,26.8,82.9,269.53
wheat,5.7,289.3,220.7,25.5,30.8,24.92
wheat,9.5,241.2,412.6,35.6,71.4,53.88
coffee,1.0,65.3,574.8,18.3,76.1,2.13
coffee,5.5,219.2,343.2,18.2,68.4,14.91
cotton,10.5,142.5,365.2,22.5,32.6,27.15
tomato,13.9,125.0,86.1,30.9,67.2,451.0
banana,2.1,65.7,189.4,16.7,36.7,86.02
coffee,8.6,63.4,481.4,30.6,60.7,23.63
sugarcane,11.8,316.7,363.1,29.5,63.7,1002.27
sugarcane,15.5,293.3,270.2,36.8,56.4,1552.52
maize,4.9,242.1,588.4,28.9,53.3,40.94
tomato,17.5,107.8,103.7,35.6,52.7,583.41
wheat,3.2,59.0,219.4,31.2,43.1,14.31
sugarcane,9.7,118.2,141.4,22.7,91.1,729.2
cotton,7.2,300.4,564.5,19.3,54.2,24.38
wheat,4.0,254.3,149.8,27.1,76.1,17.02
cotton,16.9,98.2,63.7,25.3,45.4,32.01
maize,16.0,70.7,310.8,27.9,70.8,105.84
cotton,7.0,200.2,405.1,26.7,37.8,19.82
banana,6.7,125.7,575.8,36.2,59.7,340.1
potato,3.8,289.2,446.1,17.0,60.1,118.62
mango,7.6,113.0,476.9,26.2,44.6,91.56
cotton,9.4,219.4,414.7,30.6,90.6,32.4
wheat,4.5,205.0,53.0,15.2,44.2,17.28
potato,10.3,267.6,112.3,24.3,61.5,304.92
sugarcane,12.3,239.0,279.6,18.3,36.1,984.66
wheat,4.1,318.2,409.9,18.5,58.6,23.27
mango,3.6,258.6,108.1,30.3,48.6,39.56
coffee,3.8,281.5,172.9,16.9,86.9,10.54
potato,3.5,160.0,255.3,18.5,81.9,113.04
potato,10.1,318.4,197.2,24.4,88.4,349.69
maize,17.2,260.4,449.9,27.9,91.6,137.45
wheat,10.9,92.6,56.4,24.7,49.2,43.33
banana,6.2,212.4,63.0,16.8,57.2,288.15
maize,17.1,122.6,578.3,19.5,91.8,141.91
sugarcane,5.9,337.7,128.5,28.3,48.4,476.1
potato,6.6,224.3,451.4,24.5,70.9,244.81
wheat,9.5,309.4,350.7,23.7,93.5,45.03
coffee,15.1,226.9,473.1,24.9,79.3,43.56
coffee,9.5,133.8,177.0,35.1,41.1,21.25
cotton,13.7,168.8,123.2,18.7,91.7,37.95
maize,1.9,105.7,415.3,35.3,82.9,14.12
sugarcane,0.8,203.5,473.2,36.5,89.1,87.01
tomato,13.3,210.1,569.2,24.1,75.1,596.58
coffee,12.8,238.9,592.8,24.2,51.6,39.83
coffee,4.3,238.2,588.7,25.7,83.1,12.93
mango,4.9,328.8,444.6,32.5,43.1,67.64
banana,16.3,63.4,213.0,21.4,39.5,587.78
tomato,13.1,63.4,79.7,25.5,65.7,441.1
wheat,3.0,151.5,560.4,20.2,54.2,15.39
mango,18.0,334.0,268.6,20.0,54.3,234.0
sugarcane,0.9,60.3,295.2,33.8,87.5,63.7
banana,0.7,188.2,318.6,15.5,74.7,30.54
maize,2.7,136.8,220.4,20.7,63.5,17.66
cotton,19.8,57.7,381.9,30.2,74.7,44.67
tomato,12.8,184.9,153.7,26.7,64.4,532.95
wheat,12.5,262.0,141.9,18.9,32.4,64.26
rice,18.8,104.4,86.6,32.0,67.3,108.49
mango,8.1,162.8,402.0,26.4,85.2,128.45
sugarcane,15.2,142.8,296.4,24.3,94.0,1269.91
cotton,6.7,304.4,570.9,35.4,78.0,18.72
potato,3.5,104.9,250.8,24.9,70.5,86.14
wheat,9.1,233.9,568.7,20.5,37.9,45.51
rice,19.7,301.7,118.6,36.2,86.5,118.34
maize,15.7,275.5,491.7,26.9,39.1,132.05
mango,11.5,79.9,557.1,18.2,44.6,146.47
maize,4.3,271.2,207.6,33.5,94.8,26.0
mango,17.3,347.5,211.7,31.3,37.5,220.58
cotton,8.5,122.2,419.8,34.0,73.8,25.8
sugarcane,17.5,76.4,477.2,34.5,41.8,1501.65
rice,8.9,88.3,206.1,23.4,72.0,50.35
potato,16.9,141.0,286.2,25.8,40.2,440.96
coffee,8.3,202.4,495.6,34.3,89.1,24.97
banana,11.5,191.5,322.7,31.8,35.7,575.53
mango,12.2,231.9,250.8,35.8,62.7,162.09
tomato,5.7,231.2,529.2,38.0,69.5,245.01
wheat,8.2,194.0,380.0,21.7,75.2,49.19
mango,13.4,323.4,272.1,19.8,72.2,204.34
potato,15.6,72.7,505.2,24.8,68.7,409.13
cotton,13.8,222.6,286.0,21.3,80.0,35.83
coffee,3.1,198.7,108.6,22.9,39.6,7.78
coffee,16.7,54.6,200.1,15.1,57.0,34.63
maize,8.2,61.8,311.6,27.5,44.8,57.69
tomato,7.9,92.3,393.7,31.8,90.6,291.04
cotton,7.2,206.2,292.4,35.2,62.9,20.46
tomato,9.0,174.5,453.0,30.8,84.2,364.01
sugarcane,14.5,224.6,488.8,34.9,59.7,1439.17
mango,2.4,231.9,298.3,36.6,38.0,30.31
tomato,17.5,152.7,473.4,27.9,87.4,752.34
cotton,8.7,187.4,191.2,32.3,63.3,21.81
coffee,16.9,119.0,53.1,30.0,43.2,37.42
potato,10.3,231.5,357.9,26.2,62.8,317.67
sugarcane,7.4,62.9,148.5,24.0,91.6,486.77
cotton,3.5,193.2,381.0,28.4,56.1,9.83
coffee,2.3,88.7,181.8,34.8,90.1,5.35
mango,3.7,154.8,458.0,32.4,73.3,47.99
potato,18.9,89.8,476.1,21.1,90.7,616.34
tomato,6.9,62.7,323.0,27.5,40.9,269.37
cotton,7.8,289.3,252.1,17.0,66.2,23.65
wheat,9.6,68.0,359.3,37.0,41.4,46.91
tomato,1.3,110.3,148.2,22.8,57.2,44.6
wheat,15.6,89.3,583.4,25.4,45.3,66.69
rice,3.0,206.7,473.5,20.0,70.5,18.39
maize,16.2,187.9,350.6,25.0,32.9,111.24
potato,8.5,91.5,416.2,27.1,71.6,247.94
sugarcane,11.4,204.4,104.8,15.4,92.6,916.11
cotton,19.2,219.7,333.0,17.0,65.7,53.11
banana,5.4,269.5,140.6,23.1,47.2,224.4
coffee,2.7,238.3,152.7,26.7,64.4,7.53
maize,18.8,69.2,503.6,21.7,58.9,107.77
rice,1.8,144.6,346.7,33.2,50.7,12.0
cotton,11.8,330.8,419.7,26.1,82.6,40.18
maize,9.5,344.3,315.9,34.9,68.3,69.31
wheat,1.3,94.5,592.6,37.2,30.3,7.19
banana,14.5,203.5,569.0,16.0,62.7,732.17
tomato,16.9,184.5,400.2,20.1,74.0,808.44
potato,19.4,317.0,380.3,27.2,31.8,620.33
rice,7.6,341.5,579.3,20.8,62.3,50.02
mango,11.2,232.9,100.1,25.9,42.6,122.65
rice,16.4,134.6,115.0,31.0,70.9,101.23
wheat,3.0,316.0,297.4,19.5,53.9,15.27
rice,7.8,127.9,447.9,26.4,35.3,46.41
cotton,11.9,212.4,97.3,16.3,36.9,30.58
coffee,10.5,258.4,80.5,21.5,83.2,21.67
potato,19.5,339.7,168.4,33.7,42.8,541.29
wheat,19.7,250.4,399.1,18.8,87.3,105.84
maize,11.8,309.7,589.4,24.4,83.8,101.89
tomato,16.4,61.5,528.9,26.8,55.9,623.9
sugarcane,1.3,158.7,504.5,31.1,59.9,108.0
rice,15.7,82.1,468.6,27.4,92.6,92.34
maize,16.8,290.8,578.5,27.3,61.8,130.44
potato,8.9,289.9,456.7,24.8,51.7,294.35
coffee,2.5,329.6,256.0,16.9,55.2,6.88
coffee,7.9,286.6,243.3,18.8,32.2,20.47
maize,6.0,90.1,396.3,16.2,78.7,38.24
rice,3.8,133.6,147.4,17.0,37.8,20.96
mango,10.9,77.6,294.8,38.0,84.3,136.49
wheat,11.8,63.1,117.7,27.8,52.3,50.43
coffee,7.2,175.5,560.9,35.9,76.5,23.16
wheat,5.3,97.9,529.5,20.0,93.4,24.94
mango,16.3,188.1,547.1,24.4,64.1,238.97
banana,12.9,216.0,56.3,31.0,54.4,605.08
mango,2.4,226.8,394.6,27.4,73.0,31.74
wheat,1.5,285.9,160.8,20.9,40.7,6.91
potato,5.4,161.7,190.1,26.2,56.5,181.13
sugarcane,9.1,203.1,192.3,22.3,35.7,767.35
tomato,16.4,346.5,263.9,16.1,82.1,691.3
maize,14.3,52.5,169.7,30.2,61.5,65.44
cotton,8.6,214.6,271.5,27.0,94.8,21.5
banana,10.0,185.1,159.7,22.1,32.8,449.8
maize,2.6,116.7,335.6,29.0,45.9,15.44
sugarcane,4.6,302.5,66.7,34.4,59.9,350.86
tomato,10.6,279.1,296.0,33.2,70.2,397.27
rice,6.8,177.6,329.2,20.6,37.5,46.34
sugarcane,5.4,184.0,117.9,19.7,30.1,392.28
coffee,1.8,65.0,113.6,16.6,79.4,3.3
sugarcane,15.4,82.6,589.7,23.8,80.4,1295.02
tomato,1.6,109.4,55.1,29.4,50.6,58.19
potato,2.3,128.8,531.1,18.0,76.8,64.7
wheat,19.6,230.6,370.3,32.2,82.8,111.22
potato,10.9,228.9,251.3,33.6,64.0,308.95
maize,15.7,192.9,323.6,19.7,68.4,107.33
banana,9.7,313.4,372.2,30.5,82.3,501.09
potato,16.9,349.1,286.7,22.4,88.9,501.96
maize,15.4,237.1,469.3,15.9,84.4,125.15
cotton,6.0,339.0,55.7,31.5,75.9,15.45
coffee,12.3,256.6,205.3,26.1,32.9,35.17
tomato,4.2,302.0,448.7,35.6,37.6,216.07
rice,4.9,339.0,56.7,37.3,32.8,31.31
coffee,3.1,255.9,166.8,34.7,33.8,7.18
rice,18.1,239.9,236.5,23.0,77.2,130.2
banana,10.9,129.9,544.7,36.3,56.2,562.18
potato,4.6,71.8,436.8,24.3,89.8,143.61
banana,1.5,312.1,91.6,20.7,75.2,61.71
wheat,17.2,321.8,202.3,37.6,39.1,76.68
rice,10.2,229.1,233.8,32.7,36.9,57.12
wheat,13.3,132.0,573.0,18.5,58.1,77.15
potato,13.1,58.8,390.0,26.7,65.5,365.79
tomato,6.1,94.8,182.5,36.5,63.8,198.56
coffee,4.9,193.0,122.9,24.1,41.5,11.36
maize,7.9,98.9,482.4,31.9,55.0,47.35
mango,5.7,256.4,485.9,22.1,32.3,96.6
coffee,16.5,51.7,595.6,19.2,60.6,44.14
coffee,5.2,116.4,592.7,22.0,38.3,14.05
cotton,10.4,200.4,77.6,15.8,65.8,25.2
maize,11.3,206.1,128.6,32.8,47.6,74.99
banana,15.7,329.2,185.2,28.3,47.8,768.82
wheat,7.1,294.4,94.1,35.6,65.6,36.22
coffee,2.6,125.2,542.0,31.4,71.6,7.37
banana,18.0,67.3,127.4,31.5,58.4,638.86
cotton,8.3,148.0,55.9,34.0,82.1,17.03
tomato,9.1,55.4,91.0,26.7,93.0,289.26
tomato,14.5,306.4,191.3,15.5,44.5,489.1
rice,1.9,242.7,64.6,28.5,91.1,11.32
wheat,1.8,205.5,132.6,32.0,63.3,9.07
mango,13.8,254.0,418.0,36.7,83.5,176.53
rice,14.3,74.4,96.7,37.7,54.3,68.24
rice,14.8,114.5,67.2,21.0,68.7,67.07
tomato,3.7,256.7,333.0,19.6,50.8,164.72
banana,14.1,226.0,508.0,16.7,74.9,704.01
banana,10.7,246.6,280.1,31.4,86.0,450.83
mango,8.1,98.0,269.0,28.3,91.6,82.16
maize,2.1,195.4,216.3,28.0,82.2,13.17
wheat,12.5,106.4,245.5,33.0,66.0,48.72
rice,16.3,293.0,526.9,36.0,63.2,113.58
mango,14.3,209.6,312.8,20.1,75.9,183.29
coffee,1.2,62.9,528.5,30.6,72.9,3.04
maize,1.5,71.9,271.6,21.8,45.1,8.52
maize,7.4,65.6,67.5,24.7,35.5,38.14
rice,0.7,190.6,81.0,17.7,37.6,4.22
coffee,1.5,169.6,198.9,38.0,50.0,4.04
banana,14.6,279.7,100.3,26.8,45.1,561.26
cotton,5.8,124.6,568.1,21.9,80.4,15.57
coffee,14.9,238.3,256.6,18.2,76.1,44.46
potato,11.0,249.1,481.2,24.1,72.0,344.65
tomato,0.5,123.4,424.3,17.8,37.4,19.89
sugarcane,16.5,278.0,76.8,34.4,58.5,1317.95
rice,7.2,84.0,558.6,35.2,46.8,46.64
potato,11.4,200.8,129.4,25.2,51.7,339.51
mango,19.4,181.6,266.3,34.5,57.7,261.95
tomato,2.9,73.6,340.0,24.3,68.3,94.53
sugarcane,17.5,120.9,166.3,31.9,50.8,1409.64
potato,2.2,292.3,474.3,36.0,85.5,80.77
maize,14.2,254.0,274.5,15.4,67.9,94.57
banana,5.7,198.5,515.6,26.6,78.6,253.75
banana,11.4,140.3,141.9,24.4,45.1,467.24
coffee,19.0,151.9,109.5,26.6,35.6,48.26
banana,0.5,264.6,144.2,17.4,45.4,20.82
rice,17.6,272.2,433.4,31.2,53.4,115.57
mango,2.5,233.8,101.8,32.3,31.3,27.79
rice,5.4,196.8,171.7,37.7,91.4,28.31
wheat,12.7,164.6,163.1,17.8,70.0,63.74
sugarcane,8.5,120.3,60.8,35.2,92.8,606.96
maize,12.6,272.7,143.4,19.5,87.9,90.98
coffee,9.3,177.2,330.1,36.7,65.6,28.89
cotton,9.6,189.9,468.3,18.6,61.7,27.85
mango,7.4,216.5,153.4,34.8,46.8,85.14
cotton,4.7,135.0,270.2,33.7,30.9,12.82
maize,10.1,166.3,398.0,31.2,30.3,69.57
maize,17.7,314.9,412.5,19.9,86.1,158.0
banana,4.8,265.2,568.8,27.1,65.1,237.19
maize,6.4,200.8,80.9,26.3,90.3,36.14
wheat,3.7,333.7,517.5,30.4,60.0,19.81
mango,14.1,74.7,280.0,27.9,42.2,156.77
wheat,8.7,62.6,456.9,36.1,48.2,45.56
rice,16.4,117.3,173.1,27.4,68.5,94.5
potato,13.4,156.7,494.9,21.8,67.1,478.61
mango,8.5,279.3,370.4,16.6,88.0,105.64
banana,18.3,77.3,406.5,24.5,56.4,845.97
wheat,19.2,271.3,244.3,21.8,52.7,105.56
coffee,15.3,209.1,437.2,21.0,91.2,46.31
sugarcane,7.2,244.5,87.6,35.6,37.8,574.11
maize,8.1,318.7,162.4,26.7,57.3,47.2
mango,0.9,281.7,144.0,16.0,72.5,11.82
wheat,18.3,209.9,136.9,31.0,81.6,82.83
coffee,7.1,138.3,530.0,33.3,63.5,17.38
banana,18.5,305.8,476.2,24.0,62.8,915.1
sugarcane,16.4,226.5,165.9,20.4,70.8,1591.37
rice,17.6,208.7,566.5,33.4,94.9,117.68
maize,15.5,246.4,133.4,35.1,65.0,96.52
banana,9.2,101.3,530.3,31.2,35.5,433.27
mango,11.4,126.5,194.4,15.9,49.9,136.61
rice,9.1,163.1,304.5,21.9,78.6,58.36
maize,10.0,243.4,176.4,27.7,54.2,72.16
mango,16.0,239.2,373.2,23.1,61.4,242.6
mango,11.7,305.9,493.3,18.0,76.4,170.95
tomato,12.4,258.8,238.4,17.5,34.5,516.68
potato,14.5,325.5,274.4,19.4,63.6,528.75
maize,5.0,50.4,451.1,37.2,44.6,33.53
wheat,14.7,198.9,290.3,31.8,79.8,68.59
cotton,15.0,100.3,116.2,16.6,77.1,37.91
rice,3.6,295.4,507.7,26.7,30.4,23.59
cotton,16.2,148.5,165.0,16.9,60.3,39.66
maize,14.7,78.6,285.8,15.7,61.3,93.27
mango,7.5,179.1,275.2,23.6,90.2,109.87
wheat,11.4,231.0,422.1,33.5,47.5,68.81
potato,19.8,281.1,165.8,26.5,45.2,583.97
wheat,5.8,73.8,97.1,35.6,42.5,21.89
banana,15.6,88.9,299.6,26.7,74.7,680.34
coffee,4.4,178.9,321.7,16.3,92.1,10.58
rice,10.4,297.9,226.0,35.6,55.3,56.53
mango,12.2,148.2,479.5,34.3,51.0,187.67
banana,14.8,241.2,404.9,34.0,36.9,741.06
banana,17.6,139.4,56.5,21.9,67.6,650.39
maize,7.0,306.5,163.9,16.6,34.5,53.1
mango,6.9,77.1,359.5,26.0,36.8,86.57
coffee,20.0,179.9,436.6,19.2,69.6,62.35
banana,16.6,177.5,201.5,21.1,64.9,717.83
banana,0.9,251.4,337.7,35.7,40.7,47.4
sugarcane,8.4,349.6,80.2,28.3,35.4,632.54
maize,6.2,54.3,455.8,34.2,78.1,36.22
mango,15.4,235.8,177.7,15.0,79.2,218.35
banana,10.6,231.7,579.6,28.6,60.6,541.67
cotton,14.0,339.7,266.5,18.0,73.7,41.67
maize,4.4,313.2,456.3,15.3,46.1,31.44
banana,17.5,278.8,332.2,30.4,85.1,720.96
cotton,16.1,167.6,462.9,17.9,80.2,42.8
banana,8.9,172.4,112.7,30.6,75.6,393.23
mango,19.1,107.9,535.5,33.6,92.9,249.65
mango,10.5,182.0,331.8,30.5,55.2,135.62
maize,17.0,57.1,544.2,33.0,80.7,110.3
cotton,1.7,71.3,365.6,28.0,87.1,4.43
maize,13.7,301.4,522.3,32.2,58.5,113.23
sugarcane,5.7,248.9,581.0,36.1,62.7,617.05
tomato,1.5,59.3,354.8,32.5,64.9,60.9
mango,18.2,159.0,207.9,26.5,59.6,212.7
wheat,13.5,78.7,393.1,25.4,68.1,58.67
maize,3.6,252.1,148.6,31.0,44.9,21.49
sugarcane,12.8,174.8,141.6,37.7,83.4,995.26
wheat,19.4,78.2,419.9,25.2,86.4,84.84
sugarcane,3.7,324.9,230.3,23.6,79.4,322.23
cotton,14.4,157.0,190.0,15.3,65.1,39.8
maize,14.0,90.3,214.7,23.3,82.3,78.12
potato,1.5,284.9,515.0,33.4,63.1,48.29
coffee,15.6,334.0,105.2,18.6,92.4,32.28
wheat,5.6,322.2,418.9,27.9,37.2,30.31
potato,11.0,73.2,59.9,17.4,56.7,283.47
tomato,13.0,72.5,123.8,29.8,52.1,438.08
maize,19.4,181.9,203.1,33.4,51.2,124.61
cotton,8.6,57.2,234.5,19.1,36.4,22.72
mango,17.1,180.2,560.7,28.6,71.0,275.61
sugarcane,1.0,270.6,394.1,28.4,78.2,104.95
rice,9.1,316.3,243.0,17.7,39.3,62.86
banana,13.3,174.9,148.8,30.8,66.7,625.56
wheat,4.9,113.6,386.0,24.5,84.6,27.42
rice,10.6,146.9,487.4,21.2,58.5,61.37
rice,6.4,262.5,87.0,28.4,52.5,39.16
mango,4.0,240.2,250.3,34.6,79.2,55.8
cotton,8.9,163.7,553.3,20.8,84.9,25.61
wheat,12.4,90.6,463.3,30.1,92.2,53.0
tomato,16.0,104.4,441.6,23.9,56.1,698.21
maize,2.1,187.9,218.6,33.9,33.7,14.28
tomato,16.3,59.8,307.3,29.9,84.0,502.84
coffee,7.3,301.2,86.7,36.7,94.1,14.97
tomato,2.5,296.8,165.5,24.1,50.6,94.91
potato,7.0,273.3,133.6,18.0,52.5,225.35
potato,14.4,312.1,119.7,34.9,68.6,375.92
tomato,13.6,299.5,132.7,15.9,87.1,482.23
maize,10.7,139.9,92.3,26.5,81.6,66.6
banana,13.2,306.9,111.8,23.0,87.0,514.33
tomato,17.9,108.9,387.6,17.0,55.4,754.87
maize,4.6,292.7,130.8,22.9,86.2,27.44
coffee,6.5,345.5,497.7,18.8,30.4,16.8
coffee,10.9,157.0,485.7,32.4,89.2,26.34
potato,8.3,145.1,307.1,21.6,92.5,242.43
sugarcane,8.4,328.0,440.7,24.6,63.6,735.22
wheat,14.3,256.5,256.0,18.8,58.0,65.18
banana,5.4,201.5,66.8,18.0,87.6,240.56
maize,7.5,131.1,513.5,22.2,81.3,61.28
rice,14.1,254.0,390.2,32.3,40.3,109.44
banana,8.7,323.3,596.2,17.4,45.1,489.82
cotton,13.7,219.7,561.0,23.9,34.3,35.17
banana,12.4,306.0,195.5,26.9,59.3,475.06
maize,10.3,257.3,433.4,29.9,47.9,73.9
sugarcane,19.7,249.9,207.0,28.5,37.1,2028.64
banana,8.4,322.2,457.2,27.5,64.4,400.82
cotton,1.6,280.0,436.2,22.6,73.9,4.65
tomato,16.7,261.2,570.1,24.4,73.0,743.58
rice,2.2,349.1,326.2,28.7,34.4,15.94
tomato,13.1,162.2,573.0,15.5,49.7,623.17
rice,16.7,113.7,150.0,19.2,49.8,92.88
tomato,4.7,271.4,154.0,28.2,44.0,202.4
coffee,16.8,124.6,287.7,30.4,57.9,40.83
mango,9.7,284.9,460.4,28.9,74.6,124.48
wheat,12.4,154.9,112.8,18.5,44.6,51.26
mango,8.1,203.4,561.0,35.1,38.7,109.5
banana,11.0,323.2,515.6,17.9,36.0,561.62
maize,8.8,61.3,120.3,32.6,30.0,44.74
wheat,14.0,347.4,120.6,17.4,77.1,67.38
wheat,10.6,179.1,224.3,25.0,80.3,53.67
cotton,4.0,289.7,233.8,31.8,57.3,11.26
potato,11.3,157.0,296.0,37.2,54.5,322.38
maize,14.4,249.9,581.3,32.5,91.8,122.2
wheat,4.4,210.7,103.2,25.4,79.2,19.73
rice,19.9,102.2,267.9,32.4,75.2,104.38
sugarcane,4.1,67.1,373.3,34.3,31.1,302.68
wheat,20.0,64.5,587.4,24.4,86.6,103.44
sugarcane,8.8,190.7,560.7,29.7,50.3,878.44
maize,13.1,168.5,442.3,19.6,87.9,94.25
maize,4.3,196.8,457.9,26.3,61.4,37.74
sugarcane,2.9,142.3,559.3,18.7,92.8,248.75
tomato,6.8,345.1,417.0,16.0,51.2,312.03
mango,9.2,282.6,339.7,22.3,46.8,114.08
maize,15.0,304.5,282.4,22.0,51.1,118.27
cotton,14.0,120.0,393.9,32.2,44.2,33.43
maize,6.1,111.0,469.0,23.9,63.2,43.27
wheat,19.9,328.1,347.0,34.4,63.9,110.55
banana,13.2,148.7,265.3,21.0,52.3,566.11
coffee,14.9,184.4,565.6,31.9,59.8,44.68
banana,17.4,267.3,272.1,19.9,53.1,761.62
wheat,10.6,193.8,64.1,22.8,54.7,46.86
maize,2.9,288.3,201.7,35.2,91.4,18.16
tomato,9.8,131.2,66.0,28.9,55.7,305.8
tomato,1.8,189.4,501.4,29.1,84.1,79.9
cotton,11.0,73.8,361.2,35.9,55.8,26.33
wheat,15.6,246.8,147.6,27.5,94.0,85.03
sugarcane,2.7,270.8,201.3,29.7,52.2,279.48
wheat,19.4,149.4,315.1,19.5,69.7,90.57
banana,19.0,349.6,179.5,31.7,54.6,720.53
maize,7.3,83.3,494.5,36.8,34.7,55.94
coffee,4.1,282.0,310.9,23.1,53.5,12.79
maize,19.1,148.0,244.9,26.6,91.2,142.51
cotton,2.3,237.7,352.8,24.4,63.9,7.54
cotton,11.7,112.0,327.5,22.2,57.8,32.08
tomato,8.2,339.1,346.4,21.6,37.8,379.87
maize,1.6,152.7,198.6,37.2,66.3,9.79
mango,11.3,185.2,207.0,21.9,54.9,158.88
cotton,12.3,166.6,182.2,17.2,50.5,27.53
mango,2.5,301.3,134.0,16.9,71.7,30.07
maize,18.1,111.0,86.8,35.2,55.3,101.42
sugarcane,17.6,123.0,352.8,19.4,36.6,1778.18
tomato,15.8,188.7,567.5,26.2,60.1,762.12
mango,6.8,89.6,257.0,30.5,80.9,77.97
coffee,6.7,164.3,387.5,29.3,61.3,18.41
banana,14.6,259.4,221.0,17.3,47.7,724.0
rice,12.4,203.8,176.9,19.1,44.3,69.86
coffee,19.7,296.3,289.2,31.7,47.5,48.17
potato,10.9,169.9,574.5,29.8,49.4,327.1
rice,14.1,139.2,558.4,37.3,91.4,90.86
wheat,0.7,122.4,586.7,33.4,92.4,3.54
maize,6.8,130.9,155.0,31.0,44.2,42.55
banana,8.1,74.0,99.4,28.6,69.0,285.96
coffee,1.0,163.1,542.7,21.3,47.8,2.68
mango,17.0,50.1,142.7,15.7,51.3,173.62
sugarcane,1.4,181.4,514.2,21.0,57.4,118.43
wheat,13.5,288.6,559.9,20.4,56.0,66.51
banana,19.0,320.7,531.6,33.4,91.3,835.57
potato,2.3,334.4,192.2,22.8,56.1,61.39
mango,0.9,207.2,327.8,27.1,93.3,14.44
wheat,6.4,229.5,213.5,21.9,78.3,27.64
mango,10.3,54.2,53.8,20.5,36.6,82.42
cotton,0.9,344.8,97.4,33.7,48.2,2.04
cotton,3.8,88.1,117.8,26.9,46.0,8.15
cotton,9.5,298.6,506.3,31.3,36.9,31.4
maize,12.0,234.0,400.7,20.6,76.4,84.23
wheat,5.8,277.8,297.4,32.9,34.2,30.18
sugarcane,11.3,272.2,316.8,17.0,93.2,1077.48
tomato,8.6,148.1,383.7,36.4,84.4,411.41
potato,13.6,130.8,202.6,36.5,77.0,389.4
coffee,12.1,262.4,508.0,17.8,82.7,35.81
rice,2.8,264.0,468.4,27.9,80.1,19.56
cotton,15.2,186.3,276.8,36.5,46.3,37.06
sugarcane,5.3,340.0,577.0,20.7,52.6,592.89
coffee,16.6,331.0,491.7,24.8,71.3,55.12
banana,14.2,137.2,213.6,21.8,77.2,550.67
sugarcane,10.1,146.2,155.7,22.1,93.4,810.1
maize,14.4,344.3,363.2,21.0,58.4,115.71
coffee,16.3,331.5,484.1,18.0,35.3,41.59
rice,1.4,311.5,585.4,37.3,78.7,8.61
tomato,12.5,310.6,414.0,25.0,83.3,630.94
potato,1.2,265.2,346.0,26.7,45.8,43.69
potato,18.8,291.5,517.8,27.7,83.7,619.21
tomato,10.7,272.7,330.4,24.7,55.9,397.12
sugarcane,13.5,296.8,57.3,27.5,59.9,1118.33
cotton,15.4,207.0,174.7,30.3,35.2,40.28
mango,16.8,207.6,164.6,27.1,66.1,227.91
coffee,19.7,80.2,283.0,22.1,88.8,50.04
coffee,16.8,176.1,367.4,35.1,86.1,45.83
maize,20.0,148.0,461.5,33.6,85.8,171.93
rice,11.6,79.2,388.3,37.8,39.1,70.16
wheat,2.2,276.6,120.2,34.0,80.8,11.09
potato,18.4,131.2,253.8,28.1,87.3,611.09
rice,4.5,159.3,326.9,30.9,32.6,31.68
tomato,2.3,342.8,207.4,24.7,72.2,79.25
mango,8.6,119.8,320.2,35.1,76.3,110.85
coffee,17.1,194.1,528.7,23.3,90.2,53.93
rice,4.6,148.2,115.9,35.5,68.6,27.27
mango,14.5,290.0,240.4,19.0,30.2,191.5
maize,14.2,295.1,350.5,37.2,33.4,108.68
coffee,10.1,115.0,143.3,15.0,76.7,18.44
sugarcane,19.7,65.1,103.2,31.6,48.3,1278.18
cotton,8.8,234.6,94.9,17.0,41.2,22.23
cotton,19.8,143.6,237.0,16.8,58.8,46.93
potato,18.2,226.2,97.0,25.3,79.2,573.18
coffee,18.1,121.7,163.6,37.3,31.6,42.61
sugarcane,12.7,107.6,130.3,36.6,89.6,1084.13
potato,4.2,160.0,108.2,29.4,37.9,132.65
rice,12.6,80.3,96.3,31.1,34.7,70.45
tomato,7.2,133.2,598.2,32.3,71.9,286.93
tomato,17.8,182.1,545.6,32.3,61.8,809.38
tomato,11.6,159.1,466.1,20.9,75.1,429.47
banana,2.9,80.3,385.3,19.5,46.3,114.18
maize,10.4,172.8,496.0,34.2,51.6,85.04
potato,10.5,332.2,76.3,23.1,85.7,290.18
maize,8.9,344.1,87.1,26.9,41.7,65.36
tomato,8.1,174.7,308.0,23.5,36.5,316.46
coffee,1.7,112.6,317.2,17.0,84.8,4.43
coffee,8.1,105.7,485.7,24.6,36.1,21.14
banana,4.7,69.3,365.9,29.3,62.9,219.33
coffee,16.8,148.1,318.4,36.6,44.8,42.19
banana,3.9,273.0,188.6,25.4,55.1,199.61
wheat,1.3,99.4,122.5,31.7,83.2,5.0
sugarcane,5.5,265.8,65.5,23.6,70.7,409.38
maize,12.3,298.0,591.2,21.6,92.5,95.14
tomato,4.4,113.3,428.6,20.1,58.5,194.06
mango,14.7,80.1,444.8,30.6,84.0,159.77
wheat,18.4,125.7,465.3,25.6,84.7,100.25
wheat,18.1,176.5,202.3,28.6,89.3,79.99
coffee,4.7,281.4,61.1,30.4,60.5,10.41
cotton,2.7,315.0,278.2,23.9,72.9,7.47
coffee,7.8,139.6,522.1,38.0,70.9,22.91
tomato,1.1,298.6,483.6,21.0,76.1,45.27
mango,11.3,136.2,567.1,32.5,93.2,133.57
rice,2.4,123.0,447.2,34.7,84.0,15.03
banana,4.1,332.7,465.3,19.8,52.0,224.04
coffee,12.7,243.3,442.7,21.7,51.0,37.39
sugarcane,5.6,165.5,568.6,29.0,84.3,574.8
sugarcane,4.5,155.7,119.4,18.0,74.0,403.91
sugarcane,1.3,146.6,357.9,34.7,73.4,117.99
maize,9.4,252.4,422.6,23.6,91.2,67.7
maize,12.8,96.9,310.7,31.5,47.6,76.03
tomato,8.8,184.0,189.8,34.0,61.5,347.18
tomato,19.3,88.0,281.3,26.1,54.5,674.29
tomato,4.7,81.7,425.7,30.2,91.8,196.36
potato,16.9,158.7,413.3,25.8,42.9,580.77
banana,4.9,225.2,254.3,25.3,64.9,206.95
wheat,1.6,258.5,591.0,20.5,39.2,7.8
mango,8.0,149.1,377.4,35.1,33.1,106.19
potato,13.2,297.4,279.7,16.7,47.8,485.25
maize,3.0,108.9,573.3,19.0,66.9,21.77
sugarcane,1.8,341.8,248.0,26.0,53.1,175.43
banana,15.9,88.2,269.2,18.9,46.6,607.3
mango,13.7,109.5,321.7,33.2,60.9,171.84
banana,18.8,251.5,91.1,25.6,87.9,698.12
potato,18.4,78.5,349.3,32.0,79.2,553.08
tomato,8.9,102.4,592.9,27.9,74.7,338.37
sugarcane,7.9,174.1,71.9,21.3,92.1,727.03
sugarcane,9.2,223.0,590.8,20.6,74.3,979.61
mango,19.7,132.2,161.5,25.2,33.7,253.64
tomato,18.0,341.6,522.6,17.5,91.6,784.78
cotton,18.2,161.1,463.2,35.6,85.0,47.33
cotton,1.1,111.3,237.2,26.7,70.0,3.08
coffee,1.5,258.3,507.7,34.5,74.1,5.11
banana,10.9,313.0,551.9,21.1,60.0,553.04
banana,11.4,286.2,347.7,22.4,38.9,619.63
potato,8.4,150.0,320.6,28.2,45.5,287.13
maize,5.8,292.1,157.4,22.9,51.8,45.02
tomato,13.1,263.6,148.1,16.8,91.1,463.91
wheat,18.4,199.1,595.7,34.6,43.6,114.17
coffee,8.5,132.2,122.2,33.8,94.7,17.53
wheat,10.1,298.5,234.4,19.0,76.3,56.02
potato,11.7,182.6,240.7,32.2,88.1,392.13
wheat,1.3,86.6,298.7,36.5,50.6,5.96
maize,7.8,70.6,253.3,25.7,77.0,48.78
coffee,12.3,276.6,545.9,36.1,80.5,33.64
coffee,11.9,134.3,550.6,22.0,59.2,33.0
wheat,18.5,235.0,488.1,26.1,37.6,90.31
tomato,17.4,274.0,521.8,26.4,38.5,829.09
banana,10.6,299.1,280.6,19.5,48.5,499.13
rice,7.8,237.8,326.7,34.7,72.8,47.28
cotton,11.7,189.2,115.3,37.6,44.0,25.47
coffee,5.5,65.7,55.6,15.5,30.5,8.28
coffee,16.7,143.0,568.7,19.1,73.1,48.68
coffee,1.8,114.8,120.3,22.2,63.4,3.88
wheat,14.0,203.8,217.9,19.9,32.2,65.99
maize,4.4,175.5,463.0,17.3,48.1,31.48
potato,19.0,122.2,182.0,16.9,90.4,527.37
potato,7.1,76.9,578.8,33.6,59.9,195.83
mango,16.0,189.5,345.6,37.9,55.9,231.03
tomato,3.6,196.2,250.3,29.7,38.4,144.75
potato,5.0,290.6,518.3,26.1,57.0,200.09
potato,9.8,348.4,423.5,16.7,94.5,329.14
banana,7.9,152.1,391.5,35.5,62.3,409.79
rice,5.5,254.5,468.1,28.7,60.7,37.48
tomato,17.3,73.5,89.9,34.6,43.8,562.04
coffee,10.5,324.1,582.3,34.5,50.1,28.63
maize,18.7,213.3,160.2,29.2,78.3,136.26
maize,3.5,333.4,455.1,35.3,43.2,28.68
rice,1.4,134.3,572.7,35.5,59.6,9.46
sugarcane,3.5,275.5,362.5,21.3,60.8,326.31
potato,4.3,333.1,587.1,23.7,90.0,152.52
wheat,5.5,158.6,309.9,16.0,39.1,25.41
potato,10.5,208.1,358.9,18.9,42.8,339.16
mango,12.2,254.5,596.4,20.3,70.6,180.82
rice,13.9,98.8,551.0,33.9,91.7,93.38
mango,11.9,119.0,131.5,30.0,74.3,136.9
wheat,6.3,332.2,192.6,24.9,86.7,34.31
rice,6.4,79.3,426.3,25.1,37.9,39.34
cotton,18.2,347.5,164.6,23.2,73.5,47.94
banana,13.1,267.6,165.3,35.3,70.1,564.81
sugarcane,14.0,346.2,173.8,30.2,69.6,1396.28
sugarcane,1.2,160.5,588.5,24.7,62.6,129.43
maize,2.8,129.7,59.7,21.7,80.3,15.75
maize,5.7,230.5,213.1,31.4,79.3,35.47
banana,11.9,182.9,68.8,22.4,82.7,513.97
wheat,6.4,80.3,430.7,16.4,63.1,35.18
sugarcane,3.4,243.8,178.1,18.6,74.4,310.07
coffee,18.6,231.0,161.7,36.2,89.5,53.31
tomato,6.5,97.3,145.7,32.5,31.0,221.58
potato,4.3,107.3,472.8,21.1,79.9,122.68
cotton,14.2,216.9,247.2,36.0,31.4,36.97
mango,15.8,163.1,105.2,29.6,87.2,199.56
mango,15.9,100.2,65.7,29.5,93.4,145.83
mango,19.7,104.1,471.3,22.8,41.4,251.64
banana,5.6,162.6,323.8,22.9,45.7,250.98
banana,8.0,271.0,311.8,17.8,90.3,374.73
banana,4.4,226.3,85.2,34.8,92.5,171.29
mango,1.0,161.9,131.8,27.8,89.6,11.18
wheat,16.9,165.1,364.5,28.5,42.0,84.5
maize,7.7,65.7,472.2,24.6,83.4,56.65
cotton,14.2,272.6,422.7,20.8,86.7,38.37
potato,16.0,106.1,86.7,38.0,31.6,429.28
tomato,5.3,209.6,315.3,31.2,34.4,206.4
mango,2.7,298.5,188.5,32.9,92.2,36.84
rice,15.5,175.3,281.7,32.0,45.5,87.79
tomato,12.1,151.2,194.4,17.8,63.1,460.64
cotton,11.9,269.1,250.7,29.7,60.3,29.96
rice,7.8,293.2,593.0,18.5,68.6,52.52
coffee,13.5,114.2,288.1,19.5,65.7,29.06
coffee,10.3,131.4,571.2,25.7,33.8,30.0
maize,4.3,92.2,392.3,33.0,67.6,26.46
coffee,13.3,108.4,264.9,36.8,46.0,32.52
rice,19.1,271.4,354.9,29.1,57.3,120.79
banana,6.4,223.5,324.0,28.3,48.6,295.55
cotton,8.4,300.1,498.1,29.1,54.3,23.35
cotton,15.4,125.9,526.1,17.4,38.2,48.5
wheat,4.1,286.9,412.3,26.5,66.1,24.03
rice,19.4,309.7,499.4,20.9,41.1,142.67
sugarcane,10.1,107.7,305.2,20.7,89.5,826.0
tomato,4.2,320.3,420.8,29.6,36.5,194.91
sugarcane,1.9,255.3,326.8,32.6,61.5,163.79
rice,17.8,234.8,178.1,15.6,86.6,93.05
cotton,3.2,53.2,349.3,37.4,54.0,7.5
maize,5.0,88.9,191.1,23.2,73.8,25.39
banana,2.0,286.4,509.5,18.7,85.5,105.44
rice,5.0,73.1,209.4,18.7,90.4,29.68
maize,15.2,280.7,412.2,32.6,85.0,125.74
tomato,9.9,215.5,397.5,20.9,91.7,400.81
wheat,3.5,68.4,479.4,25.6,33.8,19.25
banana,19.1,114.4,334.2,31.9,66.2,950.18
maize,16.2,328.8,272.8,35.8,50.9,117.81
banana,11.7,335.2,522.5,20.3,44.3,532.56
tomato,8.2,197.7,534.4,24.5,64.9,318.29
cotton,13.0,127.9,537.3,35.6,49.3,33.15
rice,16.4,216.6,341.3,20.6,36.1,124.71
sugarcane,11.7,295.8,229.7,23.0,68.8,997.87
cotton,9.1,243.2,259.5,16.3,69.0,28.03
sugarcane,9.9,319.3,549.3,17.0,90.9,1075.82
wheat,6.9,205.3,98.3,23.1,32.2,28.24
sugarcane,7.6,297.2,162.2,25.8,82.1,605.38
wheat,13.0,176.4,399.9,33.1,37.7,67.95
maize,16.0,131.6,430.8,21.1,91.0,121.85
potato,5.3,69.0,122.4,34.8,71.2,118.8
cotton,17.1,108.9,119.1,37.2,37.0,38.61
banana,10.5,158.0,305.8,30.9,87.5,436.18
potato,10.0,271.6,526.8,29.4,73.5,310.76
wheat,1.8,262.4,348.9,16.9,59.8,9.51
cotton,13.3,329.5,501.5,28.0,72.7,44.67
rice,0.9,81.2,490.0,19.1,72.4,5.12
tomato,10.2,176.3,275.8,20.3,38.9,377.46
wheat,13.2,236.3,243.8,34.4,60.6,76.67
rice,19.5,345.9,434.0,27.3,50.1,149.35
rice,6.1,227.2,66.8,15.9,83.5,33.46
maize,9.8,265.5,186.0,29.7,73.3,61.04
rice,3.2,300.5,591.4,27.1,41.2,20.87
cotton,16.1,308.4,125.5,36.9,51.4,43.22
tomato,0.9,319.0,165.9,20.2,48.2,31.29
tomato,7.7,90.7,335.1,17.6,90.7,261.78
banana,7.3,185.7,123.4,16.1,80.4,310.45
tomato,5.7,202.7,131.1,29.1,66.8,232.23
mango,7.6,167.8,432.6,36.6,65.3,116.58
maize,13.6,289.0,187.8,29.4,67.2,103.79
mango,10.8,146.5,91.3,35.6,82.2,103.86
rice,19.8,178.3,261.4,30.6,44.2,142.99
potato,15.4,264.1,164.1,28.1,86.4,456.85
mango,15.1,277.6,574.2,16.2,68.8,217.46
sugarcane,6.2,156.4,360.5,20.8,89.5,539.9
tomato,14.3,197.1,191.7,35.4,67.5,518.22
mango,9.9,199.7,168.3,21.3,41.0,133.73
maize,15.4,172.9,410.3,21.0,40.4,106.9
wheat,5.2,185.4,591.7,32.8,31.8,24.51
tomato,4.5,182.4,85.8,34.0,38.2,182.93
coffee,14.0,83.5,360.9,20.7,58.1,35.76
potato,15.8,182.8,316.9,32.9,54.9,507.07
coffee,15.5,325.9,343.3,17.3,68.3,47.91
banana,9.1,77.3,445.2,19.9,42.8,388.72
cotton,16.6,135.7,559.9,37.3,67.1,41.1
tomato,15.1,143.5,218.4,34.3,34.7,633.26
wheat,4.7,247.7,266.6,30.0,36.9,25.3
tomato,9.7,235.3,301.0,35.6,62.4,453.19
potato,4.5,312.0,82.9,35.4,51.4,121.45
banana,18.4,191.1,65.9,30.9,61.3,672.69
wheat,10.4,302.2,453.0,27.5,68.4,57.34
maize,16.9,51.1,185.8,32.0,50.6,80.96
coffee,19.8,172.1,56.0,18.9,72.4,44.99
tomato,8.7,318.5,590.5,29.7,40.5,439.17
wheat,17.8,243.7,207.2,33.8,86.0,97.85
maize,2.9,316.6,326.7,25.3,68.1,22.97
cotton,11.7,167.9,65.8,28.4,30.7,30.53
wheat,14.2,212.2,103.1,20.6,30.8,66.09
maize,16.6,303.5,187.0,28.3,34.4,101.13
sugarcane,8.6,127.5,526.9,30.4,59.1,794.75
rice,12.5,100.1,595.1,20.3,91.3,82.29
tomato,10.0,139.5,401.0,21.6,45.3,448.78
cotton,1.7,77.7,139.5,28.7,39.8,4.35
sugarcane,15.0,214.0,536.5,27.7,64.7,1362.96
potato,19.3,317.1,198.7,33.9,63.7,590.95
sugarcane,9.3,333.7,422.3,21.9,42.2,875.24
banana,9.2,284.4,424.0,29.6,89.1,393.49
coffee,11.7,258.7,558.4,31.4,53.9,37.34
sugarcane,14.0,288.5,139.8,17.4,39.5,1343.18
potato,3.0,208.9,197.9,15.5,77.0,78.04
wheat,13.9,181.3,190.1,34.3,32.5,75.26
sugarcane,3.1,343.2,580.4,18.8,49.5,272.54
maize,10.8,122.6,325.3,30.6,35.0,69.0
tomato,2.5,179.5,176.5,26.9,46.5,108.65
potato,16.2,124.1,544.8,35.9,91.3,518.03
wheat,17.9,183.0,383.9,29.5,68.5,101.87
cotton,10.1,149.0,108.7,36.9,33.9,22.59
potato,5.3,60.9,106.0,31.8,43.0,120.03
rice,14.4,318.6,331.4,27.2,37.0,95.81
rice,12.6,210.0,541.6,33.1,39.9,83.22
coffee,2.4,146.2,262.9,29.3,40.3,6.68
sugarcane,14.7,86.4,216.5,27.2,66.7,1203.38
wheat,3.7,53.8,357.9,27.1,76.8,19.0
mango,5.0,273.1,342.6,33.6,80.7,65.96
cotton,9.8,328.7,232.6,25.7,30.9,23.56
sugarcane,4.3,121.2,214.9,29.8,69.1,377.28
mango,12.0,217.1,410.7,26.4,32.1,186.06
wheat,13.9,179.1,160.3,26.3,34.2,67.51
banana,0.6,219.4,236.6,22.4,71.9,30.45
rice,0.8,249.1,147.9,37.1,39.7,4.71
coffee,19.6,68.9,546.7,33.7,50.4,55.41
tomato,16.0,79.7,199.3,34.7,52.5,620.61
mango,18.4,262.0,447.3,17.0,44.3,232.19
banana,9.8,63.4,583.8,31.5,51.0,400.06
potato,13.3,235.6,220.4,17.0,35.9,464.77
tomato,1.5,97.6,497.0,18.0,45.2,58.61
coffee,17.2,77.6,508.9,23.3,69.8,38.68
cotton,13.1,68.4,497.5,36.6,72.2,38.42
mango,7.1,263.0,76.3,24.4,75.8,76.67
sugarcane,6.1,211.5,343.3,24.3,41.0,677.6
sugarcane,13.7,140.3,151.2,32.4,60.8,1025.83
rice,8.1,131.4,505.8,23.2,48.3,53.49
mango,18.4,87.7,280.1,22.9,62.4,209.91
banana,13.3,314.6,316.9,27.5,89.7,713.84
wheat,8.3,93.9,252.1,16.6,31.7,32.99
sugarcane,12.7,292.5,88.0,22.7,50.4,1115.5
tomato,14.3,59.4,528.6,18.2,38.3,487.56
wheat,0.9,127.9,468.2,18.2,64.8,4.19
cotton,16.3,178.9,462.4,36.0,67.2,43.06
cotton,4.1,152.6,286.5,34.1,37.8,11.8
sugarcane,19.3,238.5,151.3,17.4,82.8,1714.13
sugarcane,4.6,89.1,161.9,32.7,57.7,361.17
rice,16.0,95.0,176.1,31.6,76.8,91.42
potato,17.6,208.2,561.4,26.1,61.9,545.73
wheat,10.2,73.1,82.2,22.7,81.0,42.87
potato,4.2,291.5,582.0,21.2,62.2,128.75
sugarcane,11.4,154.1,563.1,36.2,62.7,1025.03
sugarcane,16.5,120.5,408.8,24.3,68.7,1339.96
coffee,13.6,347.1,99.9,30.3,48.4,34.01
sugarcane,7.0,260.2,470.9,36.4,43.3,757.24
sugarcane,13.0,74.4,289.3,21.7,65.5,947.67
cotton,3.9,346.2,294.3,27.2,86.8,12.73
wheat,8.2,89.8,362.1,30.9,82.0,35.84
mango,9.8,336.3,186.0,31.8,58.6,118.38
tomato,18.4,66.5,501.4,15.9,53.9,699.69
rice,17.5,229.2,380.3,30.3,41.4,136.37
potato,12.1,262.9,54.0,26.9,32.4,346.82
sugarcane,12.5,317.7,93.2,22.6,46.1,1213.18
sugarcane,10.1,208.6,233.9,26.9,42.8,1010.91
cotton,5.6,340.9,287.2,23.0,33.3,13.73
maize,19.6,80.6,54.6,25.0,36.0,106.97
banana,9.2,132.3,266.2,23.9,48.6,370.45
mango,15.5,123.4,77.2,34.5,30.6,179.53
maize,7.5,307.9,273.7,22.5,59.5,59.61
rice,12.5,344.4,397.5,21.0,71.2,88.44
mango,14.7,161.2,151.4,25.2,40.8,197.5
sugarcane,8.2,232.5,294.5,32.1,44.8,673.86
maize,19.9,314.1,392.9,28.1,70.3,144.29
rice,3.4,328.0,320.7,20.9,59.8,26.15
potato,13.1,101.7,529.8,29.1,40.2,463.44
banana,7.3,263.1,250.1,34.2,59.5,359.88
rice,0.9,324.3,114.8,28.3,47.8,5.49
maize,12.7,327.9,60.5,26.0,74.7,85.39
coffee,2.8,300.0,438.1,28.3,87.8,8.9
maize,19.0,224.5,290.1,28.3,63.6,152.55
coffee,15.6,136.4,228.2,30.6,66.6,33.67
cotton,13.8,67.0,69.1,24.0,75.3,26.37
banana,6.0,341.7,134.4,31.9,30.0,267.67
coffee,14.2,332.8,196.9,25.1,81.7,38.04
tomato,14.7,50.2,565.3,18.8,45.2,511.59
maize,0.8,163.7,235.5,15.4,38.1,5.17
maize,16.2,281.8,351.6,16.5,79.8,126.76
rice,7.4,136.2,213.0,20.4,32.7,37.34
wheat,15.1,71.3,94.1,23.2,91.2,63.12
maize,16.8,100.9,60.5,32.9,69.6,94.58
banana,17.3,234.7,57.0,31.0,57.2,730.75
mango,15.6,149.8,507.3,21.3,65.5,199.6
tomato,0.6,274.5,546.7,18.2,36.2,26.27
mango,14.0,51.5,285.3,19.5,89.2,137.49
potato,12.9,290.5,306.5,23.3,37.0,475.58
sugarcane,19.1,271.4,378.6,35.3,33.2,1749.19
coffee,7.1,254.0,82.0,36.4,44.5,19.07
sugarcane,2.4,236.9,295.8,32.9,44.3,204.6
tomato,10.7,291.8,244.4,29.8,46.0,388.32
cotton,16.4,329.1,102.4,25.4,51.9,46.54
rice,4.6,319.4,162.8,19.4,32.4,28.14
banana,6.1,75.9,565.1,23.7,67.5,290.55
banana,17.3,71.0,422.7,19.0,52.4,654.31
sugarcane,15.2,332.4,422.1,23.4,91.0,1417.66
maize,4.6,337.2,54.9,37.9,74.0,30.97
cotton,7.5,297.1,501.4,26.0,52.8,21.57
banana,9.3,56.6,402.4,24.5,47.6,363.29
cotton,6.3,146.1,140.4,33.0,38.0,16.05
banana,15.3,95.0,364.5,20.8,44.8,572.75
cotton,16.6,207.4,476.4,20.4,52.4,42.78
wheat,3.4,147.4,455.5,25.9,54.4,17.17
sugarcane,10.8,190.2,108.7,29.9,86.4,1001.92
tomato,7.1,113.4,222.3,19.1,88.6,249.28
coffee,1.9,79.6,278.8,22.0,90.2,4.16
rice,1.6,309.4,497.1,38.0,94.8,11.22
rice,8.8,340.0,580.0,34.6,49.1,59.48
coffee,6.2,161.7,477.0,28.7,71.9,19.01
coffee,4.7,246.9,261.8,34.2,91.7,13.97
rice,11.9,170.3,304.1,36.8,40.0,78.05
potato,10.6,71.9,394.8,20.8,82.2,345.67
potato,13.6,64.1,361.5,32.6,38.9,359.72
potato,3.5,156.9,433.4,27.9,55.1,113.68
coffee,0.9,266.7,509.5,24.2,59.1,2.98
tomato,19.3,54.5,314.6,22.7,59.2,701.45
banana,16.5,226.3,188.7,19.7,52.1,732.65
rice,14.7,198.6,428.6,25.0,46.0,112.59
cotton,12.0,155.9,489.9,27.8,83.7,35.77
wheat,16.6,270.1,473.1,15.3,57.1,89.14
tomato,3.7,293.7,519.4,36.0,47.2,185.64
banana,19.8,334.7,93.1,36.5,53.6,916.56
coffee,15.0,190.1,175.3,19.6,57.7,40.55
mango,17.0,160.3,375.1,26.6,72.0,270.93
tomato,1.5,255.7,289.9,19.5,83.0,69.12
cotton,13.6,259.1,249.6,35.2,77.1,33.31
sugarcane,3.7,163.9,389.5,37.3,77.3,394.88
wheat,16.5,164.1,476.6,37.2,43.2,87.18
coffee,15.7,156.6,365.8,34.2,74.7,37.08
maize,11.5,237.4,525.4,28.5,67.8,105.54
sugarcane,5.0,197.6,220.6,19.2,62.8,429.82
sugarcane,3.3,52.6,61.0,28.5,59.6,226.64
coffee,6.6,298.7,381.9,23.9,66.2,20.01
banana,1.3,86.9,161.7,24.2,85.0,47.6
banana,3.3,60.0,308.6,37.0,37.5,150.48
tomato,5.7,290.9,74.3,37.8,38.5,224.4
coffee,1.2,77.3,77.0,22.7,63.1,2.26
rice,12.0,169.7,80.1,22.7,82.2,57.91
maize,16.3,240.8,263.5,30.5,46.9,113.74
wheat,2.3,322.9,418.1,34.1,87.1,12.92
tomato,19.2,258.0,490.8,24.1,51.9,795.18
wheat,1.6,134.7,193.9,20.7,88.9,6.79
potato,16.5,157.9,347.4,30.6,75.7,605.18
mango,2.8,337.5,100.1,20.3,33.0,35.67
banana,8.9,66.2,334.1,26.6,39.7,326.73
sugarcane,3.4,139.4,99.4,35.9,30.4,265.47
potato,14.0,54.8,255.0,23.1,65.3,320.91
potato,12.7,156.8,483.9,20.4,71.5,389.05
coffee,6.5,320.0,428.5,37.7,79.9,21.69
coffee,11.6,173.1,155.9,32.1,38.3,24.57
coffee,5.8,312.5,471.6,23.3,77.7,15.33
sugarcane,16.1,122.5,87.4,22.3,47.3,1235.77
coffee,15.7,95.5,405.9,36.1,74.2,43.94
potato,6.1,217.4,217.4,17.0,30.1,185.93
wheat,7.0,57.9,63.3,34.1,47.7,26.91
tomato,9.1,198.9,272.0,30.6,57.4,432.46
wheat,6.9,94.7,218.1,35.2,94.8,29.39
mango,1.3,54.3,115.6,29.9,66.9,12.21
tomato,6.8,125.7,343.8,33.9,36.7,307.23
mango,13.1,213.6,78.2,32.1,62.8,161.18
rice,17.5,269.7,493.6,30.2,75.0,135.33
rice,0.6,294.6,438.8,31.8,80.1,3.66
coffee,17.3,296.5,117.3,34.5,56.9,39.01
rice,17.3,303.4,225.5,34.1,32.4,113.73
cotton,14.8,297.3,130.5,34.2,65.1,42.39
potato,7.5,99.3,327.0,34.1,73.2,210.61
wheat,7.4,121.1,479.3,21.3,83.5,36.69
tomato,13.7,136.9,367.5,16.5,42.4,538.21
banana,8.4,116.5,331.6,27.6,65.0,377.8
sugarcane,19.3,183.0,226.5,27.1,74.7,1612.21
cotton,2.1,347.8,135.9,37.7,93.5,5.86
wheat,1.3,239.9,573.3,28.8,83.2,7.97
sugarcane,14.9,61.0,311.1,22.7,89.8,1038.54
sugarcane,13.0,265.3,587.1,23.7,82.1,1274.47
mango,3.9,152.3,274.7,23.0,79.6,43.86
rice,14.9,185.7,173.5,25.4,39.2,82.16
sugarcane,17.1,199.5,381.8,20.2,65.3,1792.64
coffee,18.2,195.3,303.2,28.0,39.7,50.27
maize,19.4,70.0,406.6,16.7,54.4,139.39
wheat,9.2,266.6,537.4,28.6,55.4,49.27
banana,18.7,231.5,412.7,24.2,89.1,973.69
coffee,5.0,86.5,249.9,20.9,62.9,12.8
potato,13.7,283.6,122.1,28.8,32.2,403.06
maize,6.6,122.5,168.2,24.8,89.0,40.12
rice,10.2,175.7,553.2,23.3,67.7,72.43
mango,19.5,95.9,198.1,28.6,69.7,190.47
maize,7.5,156.1,505.7,33.2,50.0,63.75
wheat,15.0,177.6,240.3,23.5,94.2,63.98
cotton,8.0,114.9,293.4,16.1,83.3,22.32
cotton,12.1,348.7,289.4,36.2,52.4,29.52
mango,3.0,349.4,192.2,31.7,89.0,35.69
potato,8.8,98.3,435.2,32.5,36.9,272.7
maize,11.8,91.8,294.2,29.4,61.8,73.17
wheat,2.2,116.2,379.0,31.9,94.9,12.41
mango,15.6,237.8,275.0,20.8,85.9,227.38
wheat,1.3,75.4,444.0,16.7,34.6,5.29
tomato,3.4,273.9,54.6,18.9,67.8,131.5
coffee,7.1,93.3,178.1,35.8,32.4,13.74
rice,18.2,121.9,129.7,26.3,94.1,92.48
coffee,17.3,306.3,62.3,29.0,53.9,39.2
cotton,11.3,228.6,529.6,28.3,52.5,36.98
potato,17.0,197.9,309.5,26.3,85.0,618.85
rice,17.5,58.8,504.2,18.0,51.8,112.23
maize,6.3,81.6,480.0,29.8,33.1,41.14
maize,18.6,328.7,238.0,27.1,43.8,153.62
sugarcane,11.8,100.0,441.7,19.0,45.3,1060.21
sugarcane,19.2,63.4,128.7,15.3,66.8,1538.35
maize,1.8,285.1,207.2,25.0,74.6,12.03
cotton,15.1,95.6,302.1,23.1,36.1,38.19
mango,17.5,157.7,75.0,34.4,89.2,209.17
potato,15.5,61.6,156.8,27.3,90.8,419.62
mango,6.1,108.6,56.1,20.6,74.1,54.58
sugarcane,12.5,121.0,315.9,24.9,34.9,968.88
rice,8.9,137.4,386.5,18.2,49.0,55.42
tomato,4.9,326.7,284.2,37.7,66.0,229.25
tomato,18.9,205.5,243.8,20.4,33.2,722.75
maize,18.9,338.0,336.8,37.5,79.2,128.36
wheat,12.0,194.3,403.3,16.5,67.7,66.02
rice,12.3,101.2,85.8,36.8,92.8,69.15
wheat,5.0,348.9,586.1,30.0,43.0,28.99
tomato,7.0,250.8,168.9,28.6,89.4,299.09
maize,17.2,314.8,306.5,16.7,55.2,139.2
wheat,4.0,121.3,584.3,19.2,85.5,20.25
rice,4.3,266.7,204.4,15.6,72.0,24.06
maize,12.3,85.2,235.5,18.3,75.0,67.23
wheat,17.4,221.2,66.7,36.4,74.8,83.59
sugarcane,11.6,309.0,126.7,28.1,86.4,1026.45
potato,2.4,208.0,81.4,17.5,44.3,67.26
banana,4.8,106.4,285.4,30.1,47.1,173.95
coffee,1.0,165.1,127.9,31.3,73.0,2.0
sugarcane,4.1,75.5,289.9,30.1,58.5,313.86
banana,18.4,136.4,152.0,30.0,76.3,789.57
mango,1.1,180.2,202.8,35.0,69.3,14.37
coffee,5.2,204.7,363.3,20.1,79.2,14.35
cotton,6.5,62.1,373.6,24.1,93.3,16.77
tomato,5.5,107.1,418.5,15.0,82.4,189.13
wheat,3.6,188.5,55.1,20.7,77.2,18.62
cotton,2.5,170.6,450.9,32.9,37.7,6.19
banana,1.3,247.7,199.9,35.0,61.5,55.08
maize,2.2,196.3,92.7,24.4,56.5,12.3
maize,9.4,267.5,365.9,30.3,80.5,81.59
coffee,17.2,253.4,212.8,27.9,76.5,48.25
cotton,9.2,200.5,185.7,25.8,73.0,26.5
potato,11.2,295.0,577.8,33.2,69.2,391.22
potato,16.8,114.6,116.3,34.6,40.2,497.29
wheat,12.6,239.5,453.2,18.0,76.5,77.42
potato,7.9,140.8,302.6,33.8,90.4,245.68
tomato,15.8,186.0,485.7,34.3,72.6,642.91
tomato,3.4,201.1,490.9,25.2,61.9,169.01
rice,17.2,178.7,463.0,32.4,36.7,132.07
rice,6.1,61.1,385.3,26.6,33.3,34.03
rice,8.3,217.9,135.4,19.2,86.0,57.16
maize,3.7,50.6,445.3,31.8,63.5,21.63
sugarcane,7.4,94.6,378.1,33.7,54.8,581.76
banana,3.2,202.0,119.6,26.0,79.6,127.59
rice,12.5,175.5,563.0,34.9,32.9,73.23
mango,12.0,221.2,316.3,27.6,62.0,173.29
mango,6.1,205.1,194.8,19.8,68.9,69.24
coffee,14.1,201.9,64.1,36.3,85.4,32.7
coffee,15.9,246.9,384.8,24.5,60.8,46.01
banana,7.9,311.4,414.7,22.9,74.4,338.08
potato,10.9,141.0,266.1,19.1,67.6,371.46
wheat,3.9,306.7,174.9,34.3,48.2,19.9
mango,1.4,115.8,438.4,33.0,59.6,19.75
coffee,12.3,96.0,163.7,29.3,38.3,24.14
potato,15.0,267.0,124.8,34.2,40.1,416.05
potato,12.1,113.0,114.0,37.3,31.4,334.46
tomato,18.2,220.0,244.9,23.8,56.8,799.53
tomato,15.7,232.6,584.0,23.6,74.3,613.99
mango,15.9,262.4,189.8,34.8,88.1,186.26
cotton,2.1,113.3,463.9,16.2,62.0,5.57
wheat,13.2,331.5,529.2,32.6,81.2,76.19
rice,15.0,225.0,579.2,23.6,48.6,116.61
rice,12.9,210.7,99.7,34.2,50.9,69.52
banana,19.2,79.3,58.2,18.7,94.7,613.48
maize,12.8,124.5,438.0,24.8,58.8,96.89
coffee,1.5,334.6,402.8,35.2,73.9,4.3
rice,7.4,277.4,57.9,17.7,33.0,36.73
cotton,16.9,116.4,259.5,33.6,83.5,41.41
wheat,5.7,56.3,95.2,37.3,49.2,23.65
cotton,16.7,285.0,202.4,36.6,38.1,49.79
cotton,0.6,113.7,414.9,24.5,56.2,1.83
rice,1.2,322.8,192.3,30.2,50.3,7.57
sugarcane,17.8,109.8,206.3,21.6,54.5,1400.74
potato,17.4,314.4,242.6,16.9,77.1,515.99
wheat,7.3,320.0,62.0,30.3,92.6,34.09
rice,7.8,78.2,368.1,15.8,60.3,46.8
mango,3.0,297.1,275.4,37.8,60.7,41.07
rice,10.9,122.7,198.1,23.7,31.3,59.35
wheat,6.1,287.9,367.7,29.6,81.9,31.99
potato,14.4,327.4,334.4,17.7,64.3,427.48
wheat,13.0,310.4,300.1,26.9,61.8,71.4
wheat,3.3,199.7,390.0,31.2,66.4,15.4
mango,18.8,298.1,514.4,28.1,54.9,318.76
potato,13.7,171.5,562.3,17.0,63.2,515.96
cotton,9.5,346.7,315.8,37.7,79.0,24.89
banana,9.7,266.1,341.2,24.1,51.0,486.33
banana,7.3,103.8,405.9,25.7,62.2,322.73
mango,18.3,317.8,409.6,30.5,30.3,314.43
maize,10.7,70.5,254.1,36.2,68.0,64.02
wheat,3.8,205.9,235.4,34.1,58.0,17.76
cotton,2.6,156.5,277.2,30.5,72.8,6.08
banana,19.5,127.0,300.9,15.7,55.8,857.39
maize,2.5,167.8,354.4,26.6,42.6,20.63
coffee,7.4,170.9,59.1,33.7,53.3,16.69
cotton,16.0,102.5,420.0,20.1,44.2,48.18
tomato,10.6,96.1,556.9,32.4,77.6,448.41
potato,12.1,211.8,582.8,26.1,34.1,430.07
tomato,9.3,307.0,569.3,22.7,66.4,367.66
rice,8.1,243.0,302.0,27.5,91.2,52.08
tomato,18.4,261.6,419.5,24.1,30.1,733.65
rice,11.3,218.3,532.2,24.3,38.7,67.92
cotton,7.0,168.4,341.5,18.7,67.2,21.49
wheat,7.2,342.7,402.5,33.9,38.6,43.9
potato,11.3,208.3,410.5,20.4,86.2,372.88
wheat,2.5,122.0,128.1,23.0,59.3,11.67
potato,17.7,148.5,112.1,35.0,71.3,432.73
potato,10.3,309.7,182.7,16.8,53.2,334.33
sugarcane,16.8,121.9,157.2,26.6,80.0,1168.11
banana,8.6,230.3,440.4,36.9,45.9,457.36
rice,7.4,346.0,383.2,20.5,36.6,46.02
rice,17.1,145.1,143.2,27.8,90.9,103.51
rice,2.8,331.9,395.2,22.7,39.1,21.28
wheat,8.7,241.6,268.7,21.3,94.0,43.55
rice,1.0,338.8,509.8,31.0,56.6,6.31
maize,5.4,53.0,447.9,27.3,84.3,38.66
rice,18.2,77.4,225.6,36.9,91.8,101.65
mango,14.0,277.9,519.1,37.4,47.3,220.04
banana,14.6,76.4,515.5,31.8,69.7,701.25
rice,15.7,155.0,81.8,37.3,87.4,97.27
rice,7.0,169.5,345.6,36.2,52.5,43.77
sugarcane,14.5,161.6,100.8,25.5,55.6,1307.05
cotton,0.5,142.3,182.6,20.4,34.4,1.13
rice,10.4,233.4,60.0,35.1,90.6,61.57
rice,12.8,258.7,300.0,29.4,68.0,95.36
coffee,17.5,349.3,184.6,34.4,83.5,41.33
banana,7.0,258.6,434.2,31.2,62.0,393.56
maize,10.3,173.6,528.8,29.5,64.6,70.49
mango,15.4,277.8,537.3,31.8,90.3,219.4
sugarcane,19.1,209.9,397.3,27.5,38.4,1836.36
rice,16.1,258.4,199.7,28.6,53.5,88.99
wheat,8.1,184.6,180.6,23.6,44.8,34.07
maize,7.7,67.4,111.3,26.9,47.4,44.33
banana,6.9,91.5,269.5,37.5,44.7,290.19
sugarcane,12.7,89.4,220.3,19.6,89.1,1094.75
tomato,4.2,165.9,316.7,23.2,50.8,197.18
rice,10.1,148.6,398.4,20.5,34.9,59.55
coffee,2.3,101.8,56.8,28.7,87.6,4.64
cotton,12.2,268.6,223.5,24.0,45.4,29.34
tomato,2.2,85.8,173.5,26.5,84.6,78.45
rice,12.7,74.5,530.5,36.2,34.0,72.04
maize,0.5,203.3,75.8,21.4,76.0,2.77
rice,16.3,334.2,592.3,32.3,54.5,99.84
mango,17.6,310.3,298.1,15.4,57.7,247.37
tomato,7.6,115.0,418.3,37.3,41.4,314.23
sugarcane,5.5,189.2,123.3,36.3,86.4,493.32
mango,9.7,169.4,220.6,25.4,55.0,119.68
mango,4.0,58.6,550.1,15.2,77.8,42.25
mango,15.5,188.7,442.7,31.9,39.0,261.02
cotton,5.2,277.4,468.0,22.2,56.7,14.24
sugarcane,8.1,269.8,426.6,19.9,45.5,756.85
wheat,12.9,65.3,191.7,16.4,69.2,56.4
wheat,4.5,83.6,198.4,16.3,64.5,21.65
banana,2.6,303.8,454.6,19.9,39.4,122.84
wheat,4.9,156.5,88.2,26.9,34.4,23.63
potato,10.9,313.8,275.5,26.1,34.6,330.77
rice,7.1,90.3,84.9,37.8,51.0,39.04
mango,18.8,55.6,290.8,15.5,61.4,200.66
cotton,13.4,223.3,526.4,21.7,60.4,41.64
wheat,12.3,250.5,390.7,25.7,54.7,74.68
banana,13.5,178.0,539.0,34.4,64.2,698.08
coffee,11.2,185.9,532.8,17.3,46.8,35.05
rice,7.3,227.0,265.7,25.1,88.8,45.5
rice,17.8,284.0,403.1,16.9,40.5,138.03
banana,15.6,151.7,128.7,34.7,50.1,666.85
mango,3.9,232.2,312.1,34.9,32.1,57.45
maize,10.1,171.3,342.0,28.7,30.6,74.16
cotton,3.3,95.4,288.0,28.7,35.2,9.41
coffee,6.0,217.0,439.8,18.1,82.9,18.46
banana,6.8,264.8,124.5,21.7,39.4,320.54
rice,7.8,335.2,452.6,28.8,40.1,48.97
tomato,18.5,343.6,55.9,29.3,56.8,746.05
potato,3.0,211.1,565.1,22.1,86.5,113.32
potato,13.9,307.7,98.8,34.9,50.8,363.9
tomato,19.7,333.7,158.4,35.1,75.8,756.4
rice,5.9,106.4,305.0,23.1,67.9,30.98
tomato,18.7,212.7,340.1,18.2,30.1,885.1
cotton,16.5,62.0,539.5,37.8,49.1,38.33
coffee,13.9,55.4,168.9,16.6,67.1,28.61
potato,5.5,159.4,514.0,19.5,83.7,187.02
cotton,17.2,279.4,130.7,30.9,91.4,47.1
coffee,6.5,235.1,343.8,20.0,40.7,17.29
tomato,18.8,209.0,388.2,26.1,36.1,908.05
banana,2.7,137.4,387.8,33.5,88.5,130.39
banana,2.9,344.0,266.5,20.2,41.1,142.13
maize,6.1,320.0,113.9,37.0,50.4,44.06
mango,19.2,310.3,51.2,23.7,83.2,212.16
tomato,1.0,224.4,351.9,20.0,57.9,45.8
tomato,19.6,130.5,72.5,31.2,59.3,575.15
rice,12.6,160.7,304.4,32.2,32.4,74.54
cotton,6.3,50.3,199.6,20.0,73.0,14.75
tomato,4.4,174.0,163.4,35.2,40.3,163.83
sugarcane,7.5,240.4,152.5,32.2,65.5,598.84
rice,2.3,254.9,89.2,22.3,84.9,11.65
sugarcane,12.2,260.3,206.9,29.5,59.6,1096.26
tomato,3.8,209.0,209.5,29.5,37.7,160.01
wheat,1.9,59.2,191.7,25.6,86.4,8.48
rice,7.8,131.2,404.2,24.4,31.7,45.6
potato,7.6,302.5,355.0,35.7,90.2,220.09
wheat,2.0,121.9,487.0,15.8,67.9,11.47
banana,9.3,177.3,136.2,24.8,64.9,336.8
potato,18.2,284.4,60.7,22.5,70.8,478.86
coffee,8.4,260.7,356.4,34.6,50.5,24.64
banana,11.4,248.5,375.6,31.9,67.1,489.86
mango,16.4,198.1,163.0,32.0,75.5,190.79
tomato,17.3,219.8,136.5,30.9,63.4,694.56
rice,12.2,326.6,98.7,19.5,32.9,68.73
maize,19.3,205.7,422.6,22.2,80.3,167.04
cotton,11.9,340.8,257.8,16.4,52.1,32.76
wheat,6.6,233.1,443.9,21.3,56.9,32.18
sugarcane,1.3,56.6,476.0,18.1,60.4,114.29
wheat,2.7,165.2,300.9,23.5,37.9,13.29
sugarcane,11.1,87.7,209.4,20.5,43.9,856.12
sugarcane,12.7,72.6,111.8,16.1,46.7,807.67
mango,11.1,77.4,423.4,31.7,92.7,129.27
tomato,16.3,211.0,203.0,16.4,40.6,718.79
maize,3.4,52.4,397.0,25.3,38.7,25.17
tomato,5.3,184.5,226.3,32.1,93.1,207.45
mango,15.1,203.0,107.7,34.7,50.1,208.15
potato,5.2,112.5,187.8,33.5,48.2,128.61
sugarcane,19.7,256.0,184.0,33.4,37.0,1905.22
maize,18.2,53.6,420.7,16.2,65.7,108.99
cotton,1.9,134.2,242.5,33.0,94.5,4.5
coffee,9.7,144.4,435.1,34.0,77.5,30.9
sugarcane,17.5,104.2,571.2,20.0,51.2,1703.97
cotton,19.2,64.6,103.9,16.0,42.0,40.91
maize,8.1,120.3,170.8,37.1,70.1,49.03
tomato,5.4,172.0,260.7,33.3,59.7,195.24
cotton,13.8,144.6,123.3,29.5,38.3,34.16
tomato,17.1,214.5,158.5,22.3,48.3,672.43
tomato,5.4,344.3,387.5,33.3,35.6,218.4
potato,10.3,74.9,391.0,22.8,85.6,301.09
potato,15.9,139.2,124.6,18.3,75.3,446.37
wheat,18.1,305.7,417.3,28.6,88.0,90.15
cotton,15.3,96.2,132.1,21.2,53.5,34.03
banana,11.1,199.1,124.1,26.4,41.0,424.33
wheat,14.3,144.3,309.1,33.9,59.9,67.82
sugarcane,5.8,294.8,258.1,17.0,52.2,610.03
cotton,3.2,344.8,187.5,16.7,73.1,8.71
cotton,2.0,51.3,418.7,29.8,56.7,5.09
potato,10.2,87.0,270.5,23.1,80.2,310.35
sugarcane,16.9,183.8,439.7,31.8,41.3,1593.4
banana,14.8,173.3,245.3,24.4,56.6,671.79
banana,10.5,298.8,294.1,28.1,64.3,428.32
banana,9.9,235.2,272.7,19.6,92.5,465.09
banana,9.5,167.0,525.0,36.4,49.7,505.79
mango,1.6,222.2,524.7,26.1,35.1,24.44
tomato,0.9,83.9,385.2,33.9,48.5,32.21
mango,18.1,300.2,354.4,29.2,60.8,254.69
mango,12.4,100.0,340.7,28.6,49.4,132.39
tomato,6.4,104.5,97.3,31.4,42.8,220.93
sugarcane,7.0,234.5,559.8,37.1,63.1,682.85
rice,10.8,347.9,90.6,27.7,93.0,64.35
potato,11.9,226.0,295.2,34.2,47.2,385.52
sugarcane,2.6,315.1,238.6,30.7,31.6,252.65
tomato,1.2,160.0,180.4,25.3,34.7,51.14
cotton,8.2,96.9,455.9,23.3,73.6,20.55
banana,14.7,50.0,574.7,33.7,88.8,533.97
rice,3.9,180.2,269.2,29.2,71.3,21.57
rice,14.1,326.7,439.0,18.5,67.5,101.61
potato,18.3,100.1,116.6,17.0,89.1,414.39
sugarcane,13.4,264.6,197.5,22.3,38.1,1260.51
mango,14.2,116.8,193.7,26.8,50.8,144.11
sugarcane,15.4,293.5,238.0,25.0,85.2,1357.2
tomato,4.6,201.2,349.7,21.5,91.6,221.89
maize,1.6,162.2,569.4,29.8,73.6,12.68
mango,4.7,72.2,540.3,34.5,94.5,61.63
wheat,9.5,322.8,346.3,26.4,36.9,53.27
wheat,5.9,168.4,282.0,24.5,89.0,31.46
potato,15.8,100.4,331.7,26.2,70.6,531.18
sugarcane,10.5,347.1,386.2,23.5,80.2,939.67
sugarcane,19.2,178.1,311.3,35.7,64.1,1897.15
coffee,5.8,229.3,489.6,18.1,37.2,19.49
maize,13.3,122.1,155.4,36.1,36.6,79.18
banana,2.1,347.8,120.0,16.7,87.1,83.8
banana,3.9,231.9,235.3,28.5,50.5,156.77
banana,0.6,105.9,104.8,23.4,62.6,19.63
cotton,0.6,343.5,581.2,24.1,77.3,1.72
rice,5.0,86.2,92.3,31.0,52.1,27.36
potato,10.1,318.9,493.7,15.1,50.8,337.51
rice,17.9,239.3,487.1,26.6,67.5,125.02
cotton,3.0,167.5,139.5,31.9,43.6,6.54
rice,19.1,231.9,175.8,30.4,70.2,113.66
coffee,6.8,61.2,554.8,18.2,65.9,15.4
tomato,0.7,182.7,75.3,27.5,52.0,25.01
sugarcane,8.0,340.0,433.4,16.9,86.1,786.98
tomato,4.4,198.4,458.3,32.7,62.5,186.1
coffee,3.7,219.7,222.0,19.1,85.8,9.5
potato,15.2,336.6,182.1,22.4,41.9,476.51
potato,6.8,78.1,284.9,18.0,91.6,186.43
mango,9.4,71.4,489.3,20.6,77.2,101.7
coffee,5.3,84.3,343.3,34.7,77.9,11.75
maize,3.1,309.6,136.5,22.1,48.9,23.02
wheat,5.5,246.3,159.0,28.0,60.2,30.45
potato,6.8,333.5,205.5,25.6,73.6,190.11
rice,1.3,227.3,422.7,15.4,63.3,8.2
tomato,5.9,316.3,72.3,36.0,84.1,202.59
tomato,15.9,261.2,374.4,25.3,85.8,801.99
coffee,14.5,228.5,228.7,15.6,78.8,34.33
sugarcane,17.1,135.8,402.2,22.2,92.3,1376.23
rice,14.3,327.6,149.3,28.1,89.5,75.31
banana,3.0,142.8,114.3,37.7,50.1,104.88
potato,15.7,281.4,175.5,36.2,68.5,458.12
tomato,15.8,66.9,253.2,26.6,66.4,585.44
mango,10.4,148.7,329.6,15.6,50.3,147.38
sugarcane,1.7,260.5,55.4,24.4,51.4,148.87
maize,10.5,202.7,253.1,36.5,83.8,79.97
sugarcane,2.3,93.2,107.6,24.7,81.7,153.33
potato,14.9,76.0,418.0,24.4,60.6,387.06
potato,15.8,331.2,430.6,18.6,45.8,608.38
maize,5.7,80.3,142.1,18.4,93.2,33.69
cotton,12.2,204.1,208.5,15.1,62.3,30.3
cotton,2.1,167.9,105.1,15.4,73.0,5.21
wheat,13.4,192.4,514.3,33.5,68.0,81.23
cotton,13.1,63.7,570.3,34.4,49.3,29.64
coffee,9.6,121.6,429.4,28.0,35.0,23.18
mango,0.8,129.4,332.7,28.2,90.2,10.78
potato,6.7,279.9,323.9,22.1,82.8,249.01
banana,13.3,262.8,372.4,23.2,67.5,624.79
banana,8.3,204.1,491.7,23.6,55.2,364.66
mango,19.4,334.2,536.5,19.9,71.2,313.78
sugarcane,1.3,229.3,528.3,35.5,59.2,128.09
tomato,6.8,215.7,77.8,16.0,76.8,242.03
potato,2.2,174.1,462.6,30.9,94.4,69.74
rice,15.9,199.5,97.8,27.4,68.1,101.38
banana,5.3,141.2,473.9,22.5,45.7,224.66
maize,5.2,62.1,276.2,18.0,31.5,29.65
potato,16.7,280.0,242.9,23.7,64.7,452.26
potato,18.7,164.9,451.2,15.5,43.3,612.77
sugarcane,16.3,334.5,100.2,18.7,92.4,1398.8
sugarcane,18.3,113.5,129.3,32.5,62.5,1599.93
potato,19.3,185.7,128.5,24.0,91.9,529.39
tomato,19.5,249.0,274.5,21.5,77.5,753.18
mango,17.7,183.3,373.9,18.2,30.2,234.18
banana,3.3,263.0,343.5,18.3,30.6,174.53
sugarcane,8.9,210.7,312.3,24.0,87.7,951.54
mango,17.6,318.5,412.6,22.9,88.1,247.49
sugarcane,9.3,223.3,364.0,22.6,50.5,805.48
cotton,19.8,255.3,571.9,18.3,54.8,60.16
cotton,15.2,226.0,505.6,16.8,61.0,46.86
maize,8.3,140.9,86.1,20.2,46.0,48.24
wheat,19.8,90.9,432.3,24.3,57.8,103.58
rice,15.7,217.5,283.3,35.8,37.2,102.82
mango,0.7,248.4,209.1,20.8,51.5,8.53
maize,12.4,138.6,125.1,30.0,78.0,70.42
wheat,13.2,303.7,430.9,24.9,73.7,67.71
rice,15.5,170.6,313.9,29.4,86.8,115.25
potato,7.1,55.4,270.2,27.6,70.3,198.27
mango,16.0,285.6,180.5,21.6,91.0,224.9
banana,0.6,122.5,330.3,23.7,59.2,30.47
tomato,7.0,342.8,530.5,22.6,68.2,347.82
maize,6.6,211.4,512.1,37.8,87.8,49.88
rice,19.2,321.6,157.7,16.6,36.6,99.67
tomato,7.2,291.0,543.5,26.9,59.6,278.4
sugarcane,14.2,173.2,327.6,15.2,75.0,1366.66
banana,12.4,243.1,98.4,35.6,55.3,495.27
coffee,18.7,129.3,132.4,17.1,66.6,35.45
wheat,2.8,295.2,259.3,35.2,86.4,15.64
rice,6.8,273.9,407.3,34.5,72.7,48.58
coffee,6.1,316.8,534.4,32.4,66.6,16.21
cotton,5.9,262.8,199.3,35.8,54.4,16.09
coffee,5.4,143.4,116.6,34.9,62.1,12.17
banana,11.3,217.7,438.9,19.1,46.4,617.67
sugarcane,0.6,176.8,444.9,25.2,77.6,53.91
banana,6.1,303.3,287.8,34.1,83.5,261.02
cotton,4.0,289.3,422.7,27.6,60.9,13.52
rice,16.0,247.5,517.8,34.9,76.0,123.32
sugarcane,2.6,282.8,494.4,32.7,37.4,271.22
maize,19.8,213.3,579.5,16.7,53.8,143.26
cotton,18.7,256.7,502.8,27.8,80.7,47.96
cotton,14.5,136.2,533.9,16.1,45.0,44.87
coffee,17.4,137.5,120.8,34.7,68.2,42.59
mango,18.1,81.3,590.5,34.8,74.7,258.61
cotton,3.7,105.3,161.3,23.9,33.3,8.46
maize,18.2,266.6,343.4,35.0,38.5,152.69
potato,4.2,287.2,299.7,21.9,55.0,153.31
sugarcane,8.2,65.4,271.0,30.5,59.3,705.79
mango,2.8,54.5,539.5,20.6,77.4,37.01
cotton,19.2,250.4,563.3,21.1,69.7,60.68
rice,18.6,217.0,364.4,21.4,80.0,115.88
maize,11.7,336.8,160.3,17.5,85.5,77.26
coffee,5.1,74.4,394.9,22.7,73.7,10.91
sugarcane,1.9,67.0,116.2,28.4,90.4,137.63
cotton,5.4,129.0,50.4,35.0,81.5,12.68
coffee,7.1,150.6,73.1,28.8,85.6,14.71
rice,15.5,333.4,517.3,20.7,59.3,96.43
sugarcane,11.7,85.8,70.1,16.2,84.2,732.23
banana,6.9,192.7,381.5,37.7,91.0,370.99
coffee,13.7,152.3,348.9,34.3,87.4,33.31
cotton,4.3,56.8,523.9,28.3,87.9,11.37
maize,14.5,308.8,148.6,33.4,65.9,94.74
tomato,14.5,250.8,312.3,29.8,32.5,643.33
tomato,19.0,69.0,381.7,16.3,88.1,715.37
rice,3.2,290.7,91.0,37.7,80.2,16.95
wheat,6.5,286.7,295.5,33.4,83.5,37.55
wheat,9.1,81.7,402.5,20.0,70.3,46.23
potato,10.2,148.9,292.3,34.7,74.5,350.23
potato,15.2,115.7,293.7,29.2,80.0,395.15
mango,3.7,160.7,283.2,23.3,81.9,48.62
cotton,7.2,90.4,101.9,34.1,89.7,16.73
mango,6.9,182.7,405.8,26.4,70.3,102.45
coffee,11.3,265.4,543.4,35.7,51.4,38.32
cotton,12.1,54.9,450.8,22.4,73.2,31.56
sugarcane,7.7,79.8,471.6,37.2,93.1,742.24
rice,8.7,164.9,335.4,16.1,40.8,59.9
sugarcane,8.0,154.1,287.5,33.0,61.5,781.64
banana,9.2,237.9,130.5,19.3,85.9,368.91
wheat,11.6,127.0,579.6,26.1,82.4,60.12
wheat,1.2,68.8,548.5,18.2,64.6,5.57
coffee,3.2,140.0,204.9,28.9,83.1,8.18
potato,7.9,302.9,404.3,30.0,86.3,309.18
maize,9.3,337.3,269.5,34.3,42.3,71.87
tomato,1.5,315.3,524.5,25.2,68.1,77.14
potato,8.7,282.8,236.3,28.0,43.3,296.05
cotton,19.1,163.0,236.6,16.4,61.6,43.92
mango,6.2,65.0,318.0,23.2,46.3,75.33
cotton,5.5,116.2,126.0,34.8,62.5,13.53
tomato,13.5,53.8,529.4,25.3,52.3,453.6
tomato,18.8,323.7,570.3,20.6,38.6,795.82
banana,9.9,347.6,427.7,34.4,57.0,534.78
coffee,14.0,86.5,85.8,37.4,74.3,25.53
maize,13.6,74.3,573.3,34.3,82.3,100.59
rice,2.8,151.3,568.6,22.4,63.7,19.78
wheat,2.0,269.4,153.1,34.7,83.2,9.79
tomato,15.7,200.1,246.6,21.4,71.8,683.67
tomato,18.8,317.6,344.5,27.5,72.5,792.13
mango,7.8,304.1,505.4,23.8,68.3,124.75
wheat,17.1,218.4,337.9,17.6,85.9,96.59
maize,1.9,254.8,183.1,31.4,83.5,14.34
maize,15.3,161.5,265.9,32.3,89.7,120.62
wheat,1.5,212.4,440.0,35.0,76.4,9.0
sugarcane,15.7,307.5,514.7,23.3,74.7,1481.84
tomato,11.0,304.9,314.1,23.6,62.1,482.57
banana,14.5,272.8,78.0,20.1,47.8,616.96
potato,10.0,150.2,108.8,20.5,91.7,255.95
coffee,5.6,150.5,305.3,36.3,88.6,12.7
rice,15.2,236.1,437.2,19.9,38.9,90.9
potato,16.4,330.8,332.4,36.9,64.8,528.28
potato,19.8,189.6,82.0,21.0,58.3,501.31
potato,11.9,52.5,468.6,31.4,53.8,299.85
coffee,3.7,170.8,238.9,24.2,79.5,9.43
tomato,2.8,54.1,216.8,31.1,81.4,87.07
cotton,11.9,293.7,229.8,22.0,56.2,34.35
coffee,10.0,156.2,540.3,18.8,39.7,28.86
sugarcane,1.5,95.0,345.7,28.2,71.9,111.31
rice,15.4,92.0,527.7,26.2,88.1,104.81
potato,15.1,131.7,114.6,20.8,89.8,410.87
mango,18.2,142.8,587.0,21.5,92.0,218.4
coffee,10.9,82.1,265.5,28.6,47.9,22.23
cotton,8.9,85.7,331.8,23.0,54.4,23.57
maize,3.5,221.8,202.4,36.2,67.9,25.01
cotton,13.9,125.7,219.3,29.1,88.4,38.07
tomato,13.0,57.0,286.6,35.1,49.6,399.54
tomato,10.3,262.6,186.9,22.5,51.7,350.49
mango,9.3,147.5,309.1,33.8,38.1,134.29
tomato,14.8,249.1,112.4,31.6,62.5,625.75
maize,16.4,104.5,254.0,35.7,82.4,117.97
maize,4.2,73.1,432.9,23.8,83.4,29.62
potato,8.6,184.7,379.5,16.6,44.7,325.37
potato,17.2,174.5,99.1,25.1,45.0,450.82
sugarcane,2.0,336.6,185.8,34.8,41.0,197.54
maize,6.6,131.3,378.7,34.9,91.5,41.94
cotton,3.9,220.4,213.0,36.6,83.2,12.04
coffee,2.7,301.5,355.5,30.9,93.1,6.88
mango,10.4,316.3,431.6,24.1,54.2,153.93
banana,6.5,206.6,415.0,23.8,76.8,309.03
potato,5.0,109.9,70.8,29.8,47.1,107.4
cotton,14.5,83.2,69.6,37.9,45.1,26.51
rice,6.1,224.4,134.9,26.1,64.6,32.06
cotton,17.5,299.2,173.6,24.2,56.6,53.24
mango,1.1,190.8,558.5,24.1,70.6,17.67
potato,19.0,165.1,283.4,31.4,69.2,558.33
sugarcane,19.6,122.7,414.8,34.3,65.8,1620.31
rice,7.3,328.9,506.8,37.2,38.1,54.04
cotton,8.6,98.1,144.0,24.6,79.2,22.24
coffee,4.9,183.2,316.3,34.1,88.2,13.2
cotton,14.0,187.4,174.6,29.1,46.4,37.59
wheat,14.7,141.4,506.2,21.5,86.7,67.34
wheat,5.1,212.0,534.0,30.0,64.6,26.57
cotton,18.8,104.4,392.5,20.1,50.0,51.5
sugarcane,2.0,251.2,501.7,20.6,57.4,220.33
sugarcane,19.3,183.5,319.0,23.1,89.1,1857.64
sugarcane,14.9,69.1,263.0,21.5,49.8,1365.73
rice,16.1,245.0,436.1,33.3,87.9,107.22
tomato,12.8,95.8,440.6,30.6,31.6,495.83
mango,19.7,56.0,434.5,20.8,32.6,231.81
sugarcane,7.1,52.1,424.1,34.0,39.5,543.22
sugarcane,1.8,214.9,279.4,35.2,43.3,185.51
cotton,15.2,293.6,570.2,22.2,85.8,40.56
tomato,1.8,346.8,71.6,30.1,58.8,75.14
coffee,19.6,51.4,530.5,22.1,91.0,44.56
rice,9.4,285.6,159.8,26.8,68.5,50.02
potato,11.2,76.8,279.9,34.6,85.6,272.64
mango,7.3,307.6,119.6,28.0,39.2,94.5
wheat,12.3,214.0,177.6,24.0,68.6,60.21
banana,9.6,71.3,379.0,21.1,64.3,415.35
coffee,14.0,227.7,533.3,23.2,49.5,38.39
maize,4.6,247.2,309.8,35.2,44.0,36.53
potato,19.6,200.6,300.2,32.3,38.6,655.98
potato,19.0,130.4,496.3,16.3,65.0,524.31
sugarcane,19.1,265.8,561.6,27.1,46.8,1653.77
mango,3.7,283.1,175.9,27.1,59.4,48.34
wheat,13.1,209.1,73.1,37.3,81.9,55.97
tomato,17.5,168.5,234.3,19.8,54.6,649.64
banana,16.9,278.5,82.1,38.0,78.9,774.21
wheat,6.3,219.5,428.9,35.1,71.4,37.35
rice,13.5,111.5,211.2,35.6,30.8,67.37
potato,3.4,203.0,303.3,35.7,90.5,108.04
tomato,15.3,231.8,363.7,16.2,39.1,688.31
maize,19.6,244.9,492.4,31.4,68.6,135.79
rice,1.5,209.4,347.3,29.7,77.2,11.68
banana,14.3,160.4,355.4,17.3,82.3,638.72
cotton,4.8,237.7,364.4,19.3,33.9,14.59
sugarcane,16.4,229.2,266.5,25.9,85.5,1457.07
tomato,15.3,56.6,499.3,15.3,72.7,541.79
potato,15.9,115.3,422.4,33.5,66.5,538.95
potato,13.5,323.5,240.1,29.3,32.5,388.98
maize,18.6,118.6,398.9,20.1,50.9,147.5
sugarcane,12.9,71.2,248.8,27.3,94.8,1018.48
cotton,13.6,291.6,570.7,24.2,80.9,37.93
wheat,17.9,153.8,135.0,15.6,72.0,82.8
maize,0.8,339.5,188.0,30.5,75.9,5.74
wheat,14.1,51.0,390.8,23.2,81.6,57.81
rice,12.9,311.4,492.0,19.3,88.0,91.37
cotton,6.3,249.1,580.9,16.2,87.9,19.07
rice,11.2,257.6,408.6,20.2,76.3,72.22
sugarcane,14.9,65.5,77.1,23.9,53.0,991.01
mango,14.2,79.8,549.9,19.9,43.3,161.77
sugarcane,6.2,274.6,315.4,20.0,92.9,632.09
coffee,15.2,181.8,460.3,19.7,54.1,46.29
maize,15.4,300.1,292.2,22.0,46.9,104.37
sugarcane,16.8,223.2,405.5,25.5,64.4,1445.33
maize,2.1,55.7,141.2,35.5,45.7,10.52
cotton,13.5,289.6,563.0,15.5,40.0,44.4
coffee,16.7,159.5,105.1,30.5,30.5,37.27
potato,18.7,323.7,165.1,15.9,78.2,609.61
potato,16.3,212.5,122.1,32.6,90.6,544.3
wheat,11.6,271.5,533.2,24.3,51.3,67.01
banana,19.9,216.7,143.6,22.3,57.6,817.82
potato,3.7,135.6,486.1,35.8,93.4,109.79
cotton,8.6,176.7,481.8,19.5,83.3,26.32
mango,16.8,320.9,497.9,25.6,46.4,242.2
maize,14.3,100.2,479.3,28.4,91.9,86.38
rice,8.8,56.7,197.8,27.5,71.2,43.16
sugarcane,5.4,70.2,197.4,36.0,71.2,439.86
sugarcane,15.3,134.6,224.9,36.3,33.7,1280.5
tomato,4.3,153.7,246.8,15.2,84.5,140.11
cotton,18.0,322.8,222.6,30.9,47.7,44.64
cotton,11.5,200.1,88.2,17.1,69.1,27.42
banana,10.9,291.7,485.2,28.4,80.8,494.6
maize,15.8,219.9,222.0,30.0,45.1,95.97
coffee,0.8,308.5,145.9,29.3,31.6,1.93
rice,6.6,202.6,549.2,20.7,56.7,49.74
rice,5.3,273.2,68.4,28.1,79.6,34.45
tomato,12.4,225.6,253.4,26.2,50.4,457.48
tomato,10.6,223.4,462.1,37.2,34.8,408.05
coffee,1.1,81.6,581.0,36.6,42.6,2.47
sugarcane,5.6,133.7,561.9,15.6,75.3,548.05
sugarcane,4.5,238.0,247.3,37.9,61.2,407.39
coffee,13.5,311.2,528.6,28.3,57.9,42.22
rice,16.6,154.3,422.9,28.0,47.4,123.49
potato,18.1,97.0,251.7,29.2,40.4,576.18
sugarcane,15.9,234.9,74.7,29.3,50.1,1278.95
coffee,14.3,112.7,218.7,25.9,59.2,34.77
mango,9.7,253.1,531.0,32.2,91.0,126.03
cotton,18.5,62.0,210.3,19.8,45.5,47.79
rice,15.8,76.8,279.7,35.2,91.4,89.33
wheat,13.4,105.6,145.8,17.3,72.9,61.58
maize,16.9,53.4,437.0,37.3,58.4,99.86
mango,11.3,126.0,575.6,15.7,43.0,137.52
mango,18.7,53.5,373.3,26.5,86.8,193.17
coffee,5.0,64.0,569.9,22.2,58.8,10.86
coffee,7.0,131.7,352.0,31.6,94.6,16.38
maize,18.3,180.2,192.3,25.0,77.0,105.54
coffee,14.2,276.9,479.0,26.0,57.9,36.35
potato,4.4,177.4,262.1,36.1,79.5,137.13
maize,4.8,61.7,69.8,19.0,86.3,22.28
rice,13.2,298.9,163.5,15.3,38.9,89.34
tomato,4.9,127.1,313.7,23.4,89.4,184.48
potato,9.9,316.0,258.1,32.2,36.3,316.12
rice,10.7,178.3,64.0,17.5,32.0,62.59
banana,18.2,332.6,85.4,24.3,31.5,727.61
potato,17.7,204.6,476.1,27.9,65.9,547.9
coffee,7.1,330.8,140.6,16.0,59.5,18.74
maize,16.9,195.5,233.5,33.2,59.3,108.94
banana,14.8,160.2,60.4,17.3,62.3,611.58
cotton,3.7,120.1,63.0,34.2,93.4,7.43
mango,7.2,81.9,320.5,32.7,44.4,79.37
potato,5.8,260.7,412.4,37.7,47.2,210.18
mango,19.2,68.1,293.8,19.3,61.5,238.45
banana,10.6,164.6,360.4,17.6,94.8,485.93
sugarcane,18.2,164.9,396.8,24.9,58.5,1653.47
coffee,19.0,152.7,292.2,31.3,68.2,46.62
wheat,19.3,214.9,581.2,24.9,50.3,106.35
cotton,11.3,137.4,279.6,23.7,86.9,33.35
mango,5.2,347.5,158.6,28.2,90.1,58.51
wheat,17.4,223.6,291.2,31.7,61.6,100.74
rice,13.6,278.5,180.7,31.7,53.9,88.13
mango,7.5,137.2,388.1,35.8,92.5,106.27
maize,9.0,323.0,257.5,37.2,35.8,68.22
coffee,6.9,246.0,203.8,28.1,80.2,20.3
tomato,17.4,189.4,459.4,29.2,82.2,757.95
wheat,5.3,311.2,294.9,26.8,53.4,28.42
rice,2.3,160.3,195.9,20.6,93.2,13.37
cotton,14.8,233.0,318.5,18.1,47.0,41.36
potato,7.3,328.5,86.1,27.6,68.4,219.28
tomato,12.1,77.1,383.3,17.1,92.4,489.07
maize,11.5,281.5,324.4,15.3,30.6,81.86
mango,6.0,65.9,487.6,24.6,44.9,67.96
coffee,7.8,348.0,597.1,17.6,77.2,20.06
cotton,14.1,320.1,485.7,30.6,74.2,47.96
coffee,3.8,265.3,465.2,17.0,86.0,12.3
cotton,9.5,141.0,562.9,17.7,90.7,28.1
mango,19.6,76.6,557.2,26.0,70.5,269.96
tomato,15.9,59.4,581.8,27.1,49.7,578.83
potato,17.7,56.0,464.0,25.9,59.0,441.02
banana,16.3,90.5,307.8,36.6,42.1,779.42
banana,15.5,160.6,578.0,33.9,85.5,671.25
mango,16.6,80.9,175.1,15.1,49.7,146.2
tomato,1.2,86.9,592.5,22.2,37.5,41.65
coffee,4.6,282.5,288.2,19.4,88.8,11.61
sugarcane,2.9,71.2,550.2,19.4,83.4,256.03
mango,14.6,107.1,293.2,16.6,55.3,185.3
rice,2.1,230.9,184.9,24.0,48.8,12.55
sugarcane,12.8,129.8,71.5,25.5,87.9,1000.33
potato,16.2,69.7,430.9,28.2,89.0,427.91
sugarcane,9.6,118.1,459.1,36.1,57.5,834.6
mango,14.5,175.0,466.5,20.2,44.4,188.89
sugarcane,11.4,66.4,584.5,26.8,48.9,978.63
sugarcane,15.4,141.2,496.4,21.8,59.0,1548.16
rice,12.7,172.8,353.6,25.0,49.1,95.78
coffee,1.8,170.4,470.7,36.0,56.9,5.03
mango,8.9,211.6,295.4,28.0,60.6,107.35
maize,13.3,340.6,382.0,16.8,34.9,117.79
potato,15.6,65.6,57.1,33.3,61.0,315.82
tomato,11.1,299.9,118.8,18.0,66.2,474.76
mango,5.2,100.4,584.7,29.2,93.8,64.35
rice,16.2,274.5,151.5,19.8,54.1,98.85
banana,19.0,90.8,323.7,19.9,33.9,767.61
banana,3.5,314.1,288.5,24.5,32.3,165.14
maize,2.2,165.7,89.1,19.8,44.9,13.3
mango,15.1,310.6,345.1,32.3,39.1,208.28
potato,18.2,240.2,89.5,35.9,92.3,454.74
rice,3.6,125.1,352.1,31.4,72.9,21.21
rice,16.4,152.5,192.7,23.7,68.4,90.67
maize,1.1,166.4,138.0,15.5,79.2,6.71
coffee,1.9,102.5,539.3,29.0,91.8,5.7
wheat,15.5,303.4,468.6,29.4,38.5,73.29
coffee,5.3,268.7,280.8,37.6,52.7,16.18
potato,18.7,153.4,138.5,28.0,91.3,444.17
coffee,8.3,101.0,260.7,35.0,53.6,21.92
rice,11.2,105.5,583.3,32.8,91.1,79.4
potato,5.2,187.3,467.7,19.7,76.1,153.59
coffee,10.2,329.1,539.5,33.1,49.3,31.01
potato,1.8,189.7,182.1,25.8,59.6,55.75
maize,7.3,161.5,50.7,21.9,72.0,48.93
wheat,5.2,328.1,83.1,36.5,52.9,21.08
tomato,3.0,190.5,379.1,15.7,47.9,111.38
sugarcane,11.7,152.6,495.5,20.5,44.6,1116.05
mango,10.3,197.5,144.5,21.4,40.3,116.01
sugarcane,19.8,195.6,148.5,35.5,59.9,1825.38
banana,8.3,80.7,83.8,16.2,54.7,279.71
coffee,16.8,58.3,508.7,18.2,87.6,43.41
cotton,15.2,223.4,547.4,33.8,79.2,39.52
wheat,15.3,205.8,162.7,35.2,87.2,82.52
mango,2.8,221.1,548.5,33.0,70.5,39.67
wheat,14.9,308.8,169.2,17.2,31.5,75.0
mango,11.4,286.9,456.3,29.4,94.1,172.72
tomato,17.1,309.0,474.9,18.9,83.4,831.19
banana,6.0,256.0,420.8,20.1,32.3,291.83
rice,4.6,58.0,149.8,28.4,57.4,26.38
maize,2.8,136.7,268.8,36.1,94.6,16.09
cotton,10.9,59.8,311.6,24.4,40.5,27.92
coffee,2.9,199.8,235.3,21.8,34.4,8.66
coffee,11.3,269.2,73.3,15.3,59.8,22.84
maize,9.0,349.2,357.5,22.4,44.3,66.94
mango,0.8,281.5,531.3,29.1,42.2,11.23
sugarcane,16.8,342.3,586.6,16.5,83.4,1731.82
maize,15.2,168.0,374.9,30.2,35.1,116.36
coffee,1.3,276.1,338.8,23.5,34.3,3.88
potato,1.3,345.3,260.9,18.5,73.3,39.05
rice,14.5,247.7,64.9,20.1,45.0,88.85
mango,0.9,213.7,438.7,33.2,42.6,12.54
coffee,2.5,276.3,201.8,25.2,35.7,6.09
maize,10.0,58.3,328.0,37.2,55.0,52.68
sugarcane,3.0,243.0,158.5,17.2,40.8,294.26
coffee,12.4,181.5,449.7,35.6,73.8,32.93
cotton,5.0,310.5,559.6,24.7,33.3,12.93
tomato,16.0,227.1,103.3,27.6,75.7,654.12
maize,9.2,112.8,77.5,34.4,93.8,55.21
tomato,10.9,321.6,95.7,19.4,58.6,417.94
rice,2.3,313.2,196.1,18.0,87.8,16.34
potato,6.8,189.6,568.8,36.4,43.4,223.35
tomato,10.5,130.3,300.2,25.8,75.9,463.87
cotton,12.1,349.9,473.2,24.2,83.8,32.71
rice,11.5,69.7,476.5,25.4,64.1,68.77
cotton,14.8,57.2,371.7,36.7,41.3,36.74
banana,18.7,72.8,325.6,30.8,81.5,800.74
sugarcane,11.5,325.0,490.4,25.4,76.7,1179.75
rice,12.8,329.6,106.4,36.6,74.7,65.91
mango,8.6,329.1,481.7,19.6,38.5,135.8
sugarcane,8.9,58.1,480.9,15.2,79.5,834.91
wheat,15.9,141.4,94.5,24.3,41.3,73.36
wheat,2.6,214.4,299.9,34.4,36.4,13.55
coffee,1.0,56.1,392.3,30.2,50.2,2.28
maize,7.1,71.5,275.3,22.2,74.0,44.62
rice,13.5,206.9,247.4,35.2,55.5,95.48
tomato,2.8,209.6,206.5,16.1,73.5,122.44
wheat,3.7,288.4,431.5,20.1,35.4,21.45
banana,11.3,173.4,571.3,17.9,93.3,502.67
sugarcane,3.7,262.0,344.4,29.6,42.8,328.61
wheat,16.3,278.7,488.8,25.0,83.2,79.44
banana,6.1,292.7,490.2,25.5,69.4,314.54
mango,14.9,261.8,343.8,30.6,86.8,210.76
coffee,4.2,224.3,328.3,24.2,37.8,11.7
mango,9.8,145.5,196.7,37.2,40.4,124.09
coffee,5.6,123.6,581.2,15.2,87.2,13.34
potato,12.5,173.6,563.9,16.1,43.7,425.29
mango,14.5,82.9,462.3,18.1,34.3,208.26
banana,1.8,228.1,474.6,34.0,41.1,100.73
wheat,18.7,169.1,97.9,29.2,37.4,80.55
mango,6.3,97.8,289.5,24.2,67.4,76.53
sugarcane,18.3,233.1,350.5,20.7,52.3,1973.2
banana,8.7,182.3,398.8,32.8,32.2,438.97
wheat,9.3,243.1,339.5,31.8,35.3,43.08
cotton,19.4,218.7,443.1,16.6,57.1,50.88
rice,1.6,309.9,380.6,31.3,31.3,12.65
rice,2.1,207.4,275.7,37.6,37.3,13.18
cotton,14.0,260.2,464.4,35.1,62.5,44.88
coffee,18.8,138.1,278.6,33.1,65.5,47.85
sugarcane,18.0,81.0,411.1,35.9,41.0,1799.36
mango,4.1,138.8,444.4,16.9,82.8,59.27
mango,12.1,188.1,250.4,23.1,71.4,172.62
coffee,2.6,202.7,305.7,36.9,91.4,7.82
banana,19.3,320.4,198.7,33.5,94.7,803.48
banana,18.9,92.5,403.6,23.8,92.2,800.39
banana,13.7,221.2,570.1,25.2,69.0,680.14
tomato,3.8,272.5,216.5,30.2,40.3,162.23
coffee,18.8,66.1,325.5,23.6,70.7,47.36
maize,19.2,200.1,288.0,25.5,43.6,137.22
banana,17.8,190.4,411.6,35.6,55.5,1000.52
potato,5.1,329.8,522.7,31.3,61.3,179.59
mango,10.7,52.2,224.1,30.6,61.5,125.84
tomato,15.9,155.3,272.6,24.1,42.5,546.48
coffee,13.0,59.2,448.1,35.8,81.7,32.26
mango,2.2,113.3,326.2,15.5,46.4,26.93
mango,10.6,92.0,332.2,20.6,42.0,112.09
tomato,13.4,305.8,191.9,26.3,93.4,506.61
cotton,1.5,177.8,507.8,33.5,44.6,4.04
coffee,10.5,252.7,578.1,20.8,86.9,35.51
tomato,12.0,346.8,141.8,16.1,80.7,420.15
mango,15.1,129.7,364.5,35.6,60.9,225.58
mango,10.7,101.6,218.0,22.4,40.4,109.36
wheat,15.3,60.6,460.2,19.7,92.3,69.76
cotton,12.8,171.0,463.8,27.2,74.0,36.49
banana,9.3,172.4,428.1,20.7,71.6,503.37
banana,18.5,83.8,102.2,22.7,54.3,621.52
cotton,3.7,247.4,598.8,25.4,53.1,10.77
tomato,1.9,106.8,474.2,34.4,70.2,79.97
tomato,5.5,227.9,564.8,30.6,56.9,261.57
sugarcane,16.4,179.6,488.0,28.7,87.6,1563.62
cotton,10.9,136.4,321.1,21.9,68.7,28.75
cotton,12.1,271.7,67.8,30.2,64.6,26.67
tomato,12.3,257.6,260.7,35.0,66.9,501.4
banana,10.2,329.5,370.8,27.4,59.5,458.72
banana,2.8,285.7,420.4,17.6,75.2,136.58
tomato,12.2,292.2,110.1,24.1,51.9,470.18
coffee,13.9,172.7,163.4,24.3,34.9,35.57
tomato,7.4,233.8,372.0,27.6,71.6,304.16
banana,6.9,266.1,404.1,22.7,79.1,360.39
tomato,7.5,87.7,374.1,27.1,43.2,286.34
banana,5.8,110.0,177.5,33.4,66.6,197.29
mango,19.0,240.3,244.6,28.9,50.3,286.88
tomato,6.0,50.1,119.8,36.5,86.4,166.3
coffee,4.0,267.2,496.7,30.6,69.4,12.23
coffee,3.4,185.8,534.7,24.7,84.6,10.28
mango,7.0,96.5,517.0,27.0,90.7,98.82
coffee,9.3,244.0,574.0,33.3,32.6,26.5
cotton,0.6,171.0,179.1,33.8,51.9,1.7
cotton,8.2,104.5,136.2,34.0,32.7,18.55
potato,3.8,188.2,218.9,15.8,51.0,116.53
coffee,16.1,333.6,384.7,20.9,90.1,51.76
maize,18.2,277.6,378.4,30.0,87.8,147.03
cotton,3.1,231.8,517.2,16.0,77.7,8.72
maize,12.9,229.8,148.6,31.2,59.6,91.36
potato,5.2,175.4,188.2,22.4,38.8,145.39
tomato,4.6,53.5,598.6,21.5,73.4,156.5
mango,2.2,258.2,141.5,33.1,46.3,26.63
potato,5.1,316.9,55.0,19.6,92.3,148.19
maize,5.7,160.5,542.4,30.3,81.2,42.75
potato,18.5,340.5,347.3,25.5,91.4,660.71
maize,8.6,178.7,347.5,31.0,75.6,58.34
potato,14.4,65.6,522.9,25.5,47.1,393.54
mango,10.3,318.2,565.0,33.6,71.3,145.4
cotton,15.7,219.2,193.6,31.0,66.9,45.99
coffee,15.9,209.7,210.8,30.1,71.7,38.05
banana,5.8,280.5,536.8,20.1,60.1,287.42
maize,10.7,66.4,585.2,20.2,49.8,67.11
mango,14.9,280.2,548.0,24.4,91.9,248.0
rice,10.5,285.1,268.1,29.3,86.1,77.91
potato,1.5,84.1,52.2,38.0,82.1,37.15
maize,2.2,259.7,252.6,24.9,32.0,14.83
tomato,10.9,252.5,279.6,31.8,63.9,399.22
cotton,16.7,291.2,526.5,16.4,75.0,44.11
sugarcane,11.0,324.0,263.4,34.1,38.7,1158.74
banana,7.4,287.3,330.6,17.9,78.0,344.14
mango,2.6,82.4,285.3,17.3,70.2,26.31
banana,12.3,238.0,400.9,29.5,66.0,704.74
sugarcane,0.8,127.3,297.5,30.9,77.7,80.5
banana,14.8,196.1,497.3,37.0,90.2,819.31
potato,15.7,167.1,368.2,36.0,66.0,465.35
wheat,17.4,192.0,582.5,19.3,86.5,102.83
wheat,12.4,312.1,448.2,17.8,88.7,58.98
cotton,11.0,347.6,521.6,17.2,75.9,31.19
sugarcane,6.3,192.3,142.4,23.2,56.0,471.77
wheat,18.4,179.3,225.4,28.4,54.1,93.21
cotton,15.0,119.7,272.9,21.2,42.9,41.8
coffee,1.3,165.9,273.5,18.8,31.5,3.02
tomato,11.4,126.8,408.0,17.7,64.9,458.75
potato,1.6,92.7,79.1,29.4,33.5,42.79
mango,11.4,245.4,134.7,29.9,41.9,151.33
cotton,12.4,331.5,414.0,16.8,53.1,37.35
coffee,19.0,93.5,147.5,34.8,55.5,33.47
cotton,14.6,83.5,384.6,21.5,41.3,36.98
mango,6.3,156.3,548.3,35.7,93.5,99.23
sugarcane,15.4,330.9,567.4,19.0,86.9,1649.69
banana,18.5,214.7,370.6,24.2,91.7,987.19
cotton,15.8,229.6,277.8,37.0,65.2,45.42
cotton,5.5,58.4,397.3,24.8,65.6,12.76
rice,3.0,95.6,126.4,29.7,41.8,15.2
sugarcane,11.1,98.0,430.2,18.9,50.2,997.22
mango,9.3,203.9,442.2,21.3,37.9,141.85
banana,3.3,90.2,569.1,33.5,41.7,142.77
maize,8.0,152.1,347.8,18.5,66.0,58.6
maize,6.5,155.9,391.7,22.7,77.6,47.46
potato,19.0,280.1,197.6,28.6,76.9,665.94
potato,3.8,107.0,303.4,21.6,46.1,116.38
sugarcane,13.1,88.5,407.6,37.6,89.3,1125.96
cotton,8.5,315.9,76.0,37.1,74.1,21.93
wheat,15.3,57.4,62.2,22.4,61.8,63.15
rice,8.8,270.9,563.9,36.3,59.3,54.1
potato,7.8,160.2,339.3,33.6,53.5,252.94
rice,18.8,336.2,553.2,23.5,31.0,148.51
potato,6.7,321.8,119.7,19.1,62.0,172.24
wheat,3.7,167.3,583.2,20.9,72.7,18.66
banana,14.6,111.4,235.9,25.8,51.5,651.73
mango,6.4,274.7,486.8,19.7,92.3,96.07
wheat,5.1,203.7,107.3,23.8,61.7,25.12
wheat,16.4,234.6,218.4,29.3,64.3,80.34
maize,17.0,317.9,84.4,35.3,59.1,109.26
mango,3.8,90.9,396.7,21.9,31.2,54.25
wheat,13.7,158.6,376.5,15.2,71.3,78.69
maize,11.8,201.7,129.2,29.4,47.8,78.14
banana,10.7,130.6,477.1,27.7,73.0,471.42
potato,1.7,174.0,350.6,25.0,78.7,61.57
potato,17.0,268.1,589.4,18.6,44.7,542.31
banana,2.8,228.9,201.2,16.8,57.9,126.57
cotton,19.2,116.1,537.4,36.5,89.6,54.46
potato,4.4,114.6,210.5,19.0,54.7,137.37
tomato,18.8,163.2,415.2,20.9,38.3,703.95
maize,5.8,124.3,84.4,25.6,77.6,33.91
coffee,18.9,258.0,567.2,27.8,69.0,64.81
rice,14.8,291.0,205.1,19.1,78.8,102.11
coffee,13.6,329.4,268.8,36.9,75.7,31.67
rice,6.6,147.6,451.3,29.7,87.7,43.41
potato,7.0,279.5,288.0,26.1,72.1,196.18
potato,9.5,238.6,356.5,32.1,48.2,330.55
maize,14.4,188.5,556.5,31.0,77.4,125.86
wheat,19.0,230.2,459.0,26.6,71.2,91.05
rice,17.3,292.9,410.4,27.7,35.7,117.77
cotton,19.5,243.7,564.0,22.0,80.8,63.17
wheat,3.8,81.4,400.0,31.2,32.1,20.88
cotton,4.2,61.7,265.5,33.5,52.2,9.84
potato,12.5,171.7,72.6,23.0,47.2,360.57
sugarcane,17.2,141.5,156.0,18.0,49.4,1518.64
wheat,18.8,65.7,280.3,21.0,77.5,95.77
mango,4.8,160.5,250.2,37.1,58.9,64.6
cotton,19.4,103.1,447.1,15.9,56.4,51.91
mango,12.7,146.6,185.6,15.2,45.3,129.14
wheat,9.5,285.5,540.6,37.0,81.1,48.87
mango,11.8,256.8,108.8,33.9,58.3,124.34
potato,1.5,305.8,159.0,35.1,52.9,48.26
tomato,1.9,94.2,90.3,33.7,78.9,65.35
mango,1.2,57.9,456.5,22.3,81.8,14.29
banana,14.8,283.1,529.9,20.0,35.4,736.2
maize,15.1,192.1,81.8,37.0,91.3,102.12
coffee,9.2,325.1,307.3,21.3,39.2,22.04
sugarcane,6.7,66.7,385.4,20.5,55.1,503.35
coffee,12.2,186.5,245.9,36.8,69.2,32.49
wheat,7.0,250.8,596.8,30.2,66.3,41.16
sugarcane,15.9,110.3,492.8,34.6,48.8,1643.75
wheat,13.8,183.8,200.5,37.9,57.7,65.21
rice,14.5,139.1,361.5,25.9,73.1,105.6
banana,18.4,294.6,588.4,35.2,48.2,810.43
cotton,10.5,195.0,260.5,34.3,39.4,29.2
maize,7.6,115.4,593.4,25.4,74.7,48.51
cotton,11.1,120.1,400.8,33.9,32.7,30.62
banana,18.3,207.6,448.7,25.0,71.0,871.24
coffee,5.7,323.5,252.5,16.0,49.5,15.22
mango,9.7,259.5,288.5,19.7,43.9,114.72
potato,8.9,136.2,455.2,25.4,94.3,250.21
maize,6.8,319.4,538.5,22.5,88.6,62.5
banana,13.2,336.9,51.7,20.7,90.3,615.72
potato,10.4,140.0,133.2,21.5,54.4,305.35
potato,11.8,212.1,77.7,16.4,42.2,284.4
banana,9.0,206.1,212.2,15.4,44.3,373.5
coffee,18.7,122.6,489.0,25.0,89.6,49.56
banana,11.1,209.7,91.7,31.1,70.5,425.65
potato,16.5,101.5,494.3,30.9,66.1,543.17
wheat,17.9,119.0,167.2,15.7,72.4,74.71
rice,12.3,52.8,105.8,30.3,30.3,54.58
cotton,1.5,265.2,311.5,34.5,54.9,3.87
maize,8.3,129.3,162.9,26.1,47.5,47.46
banana,15.0,201.0,87.3,31.6,82.4,592.78
banana,13.2,155.1,554.4,18.1,73.6,534.11
coffee,18.5,247.0,290.0,33.2,83.2,48.2
tomato,16.5,216.3,148.9,25.8,92.9,687.41
rice,2.7,251.5,336.2,32.8,63.8,20.23
tomato,1.3,78.4,53.7,18.5,34.5,45.01
sugarcane,5.6,52.7,406.6,26.8,59.0,544.41
maize,1.2,313.8,183.9,27.8,32.5,8.72
tomato,7.9,202.0,359.6,22.2,49.2,371.85
cotton,16.8,214.7,154.1,31.6,63.2,45.59
wheat,14.0,301.4,569.5,30.7,62.3,79.72
rice,7.5,84.8,524.7,29.3,51.5,40.37
wheat,2.4,170.4,490.0,19.7,66.1,13.71
cotton,3.3,221.3,151.9,21.4,44.2,7.85
wheat,12.4,142.8,503.1,37.0,83.4,54.18
tomato,17.6,53.9,569.6,26.3,52.2,747.86
rice,18.4,91.0,572.6,25.3,42.0,116.2
sugarcane,15.4,227.5,155.6,30.3,70.5,1393.37
rice,16.2,318.8,224.9,17.5,44.8,100.38
cotton,3.8,313.8,356.4,20.3,62.7,11.93
coffee,13.3,290.7,593.5,23.0,69.0,45.13
banana,19.1,205.0,500.5,27.6,32.7,902.0
potato,12.5,61.9,271.7,29.9,75.4,350.32
banana,5.8,135.7,199.0,34.7,32.1,211.41
sugarcane,14.7,230.1,452.2,32.7,93.4,1502.44
tomato,11.8,321.2,226.1,30.4,42.2,497.66
banana,4.1,153.8,241.4,25.8,51.7,158.16
coffee,15.9,126.2,470.0,30.8,51.0,43.59
maize,5.7,248.6,498.2,32.9,79.5,41.33
coffee,19.0,349.0,256.4,28.8,85.7,45.63
cotton,18.4,172.0,128.8,31.4,49.1,46.52
sugarcane,16.7,347.5,140.0,30.9,73.8,1662.1
rice,13.8,72.8,518.2,26.4,61.2,86.65
coffee,11.7,317.0,408.0,25.9,85.5,34.8
sugarcane,3.7,337.9,518.4,34.9,56.4,399.12
cotton,12.6,106.0,64.1,21.5,58.8,28.88
banana,6.3,204.5,141.0,37.5,37.0,305.29
mango,10.5,149.2,523.3,25.9,82.0,150.38
maize,6.3,77.6,379.5,29.3,72.2,39.11
potato,8.5,115.3,581.3,18.0,54.2,229.02
maize,11.8,157.1,483.2,20.8,66.7,85.55
banana,7.9,189.1,98.7,29.0,48.7,297.44
sugarcane,12.3,73.9,425.7,36.4,67.4,946.69
cotton,11.3,221.1,165.6,32.1,31.6,28.62
wheat,19.1,55.5,157.7,15.2,72.1,84.73
rice,16.5,308.2,53.8,26.7,57.1,87.54
tomato,16.1,173.2,176.5,24.3,83.7,562.88
maize,18.4,137.2,308.5,35.5,76.0,110.12
potato,5.6,70.1,65.5,20.6,87.3,126.17
wheat,11.3,141.7,268.3,25.3,69.0,54.83
sugarcane,16.5,156.2,410.7,27.4,74.0,1664.19
tomato,14.6,73.4,108.4,26.3,40.4,523.88
wheat,10.4,312.3,321.5,31.2,94.5,48.92
sugarcane,16.0,271.8,405.0,18.6,65.6,1399.17
banana,10.3,304.5,61.2,28.9,48.0,474.26
banana,8.9,71.3,318.3,31.1,63.4,410.8
wheat,13.2,213.6,84.3,26.8,82.4,60.6
cotton,5.3,145.1,494.9,35.1,49.7,16.64
tomato,5.8,144.5,114.2,21.3,43.6,200.74
mango,5.6,60.7,437.4,26.3,36.1,61.66
rice,14.0,212.8,188.5,23.0,41.8,98.38
mango,17.9,265.6,90.1,33.9,62.0,235.19
sugarcane,11.9,315.3,133.5,28.7,73.2,1006.47
potato,5.1,331.5,144.1,17.6,67.1,167.36
tomato,3.8,118.1,366.5,24.7,63.5,137.21
rice,19.4,302.6,511.1,25.8,57.0,126.57
banana,19.6,198.2,55.3,18.2,50.9,824.4
wheat,4.1,290.8,302.0,26.1,38.7,18.76
tomato,13.4,249.7,207.4,25.6,42.6,491.69
maize,1.9,236.7,589.6,19.4,81.5,17.06
rice,3.2,288.6,160.9,18.8,40.7,21.56
mango,15.5,248.4,275.1,35.6,40.6,243.76
potato,16.9,200.3,589.8,17.2,49.7,609.69
mango,18.1,180.4,318.5,36.3,63.9,246.38
potato,11.5,51.8,93.2,35.3,35.1,279.4
potato,7.4,194.6,326.7,22.3,77.4,274.27
tomato,13.4,237.4,205.4,23.7,36.7,573.15
sugarcane,12.5,62.1,229.4,25.8,39.6,1112.18
banana,19.2,306.4,176.8,22.5,43.6,850.79
potato,16.8,221.7,599.6,21.6,48.2,527.98
